condition_index,condition_id,seed,delta,v_index,v,true_boundary_u,true_normal_u,true_normal_v,sign_transitions
0,delta-0.30_seed000,0,-0.3,0,-0.3,0.3911711384280352,0.9725133609610912,-0.2328470801881835,1
0,delta-0.30_seed000,0,-0.3,1,-0.25,0.4031425462017068,0.9731628606833932,-0.2301174625849031,1
0,delta-0.30_seed000,0,-0.3,2,-0.2,0.4148174849833594,0.9760683510429556,-0.2174639604446803,1
0,delta-0.30_seed000,0,-0.3,3,-0.15,0.4254221294104354,0.9816574712390654,-0.1906531121186423,1
0,delta-0.30_seed000,0,-0.3,4,-0.1,0.4342390365636674,0.9889423597363765,-0.148300401614587,1
0,delta-0.30_seed000,0,-0.3,5,-0.05,0.4404179883858887,0.9963997808577734,-0.0847789874118667,1
0,delta-0.30_seed000,0,-0.3,6,0.0,0.4427475678821793,0.9999990872134442,0.0013511374017716,1
0,delta-0.30_seed000,0,-0.3,7,0.0499999999999999,0.4402828745223814,0.9955518927895324,0.0942148011895143,1
0,delta-0.30_seed000,0,-0.3,8,0.0999999999999999,0.4332839927665191,0.9850616183746418,0.172202229965618,1
0,delta-0.30_seed000,0,-0.3,9,0.1499999999999999,0.4228015082044294,0.9740940949501892,0.2261430834298752,1
0,delta-0.30_seed000,0,-0.3,10,0.1999999999999999,0.4100682598509593,0.9663904030034336,0.2570789547646044,1
0,delta-0.30_seed000,0,-0.3,11,0.2499999999999999,0.396199530994636,0.961450222636831,0.2749790344582441,1
0,delta-0.30_seed000,0,-0.3,12,0.3,0.3814678156486479,0.95923123490635,0.2826224300724186,1
1,delta-0.30_seed001,1,-0.3,0,-0.3,0.377723464553128,0.9596972101286751,-0.2810360561764937,1
1,delta-0.30_seed001,1,-0.3,1,-0.25,0.3923653772944817,0.9608202201150008,-0.2771723373970814,1
1,delta-0.30_seed001,1,-0.3,2,-0.2,0.4065709358692402,0.964335403550714,-0.26468326252085,1
1,delta-0.30_seed001,1,-0.3,3,-0.15,0.4198125975817675,0.9707778250528688,-0.2399800291391376,1
1,delta-0.30_seed001,1,-0.3,4,-0.1,0.431291322238394,0.9809777983125516,-0.1941199608949541,1
1,delta-0.30_seed001,1,-0.3,5,-0.05,0.4396010128984926,0.9935016185624648,-0.1138179858974971,1
1,delta-0.30_seed001,1,-0.3,6,0.0,0.4427475678821793,0.9999999722246106,0.0002356921257179,1
1,delta-0.30_seed001,1,-0.3,7,0.0499999999999999,0.4395774436852662,0.9933217102857764,0.115377553600951,1
1,delta-0.30_seed001,1,-0.3,8,0.0999999999999999,0.4311322420107899,0.9802873356667328,0.1975771736092469,1
1,delta-0.30_seed001,1,-0.3,9,0.1499999999999999,0.4194224170496454,0.9699000109274536,0.2435035293438784,1
1,delta-0.30_seed001,1,-0.3,10,0.1999999999999999,0.4060261974082095,0.9644822658241506,0.2641476081866205,1
1,delta-0.30_seed001,1,-0.3,11,0.2499999999999999,0.3920349141844781,0.9632163142095538,0.2687272446935038,1
1,delta-0.30_seed001,1,-0.3,12,0.3,0.3781272467022063,0.963424541148838,0.267979763251166,1
2,delta-0.30_seed002,2,-0.3,0,-0.3,0.391009805505746,0.9772205259201387,-0.2122263973222158,1
2,delta-0.30_seed002,2,-0.3,1,-0.25,0.4018684802722418,0.9769261081301036,-0.2135775719820999,1
2,delta-0.30_seed002,2,-0.3,2,-0.2,0.4128720088192494,0.9773971797047152,-0.2114113362742621,1
2,delta-0.30_seed002,2,-0.3,3,-0.15,0.4234985136572504,0.9803622169184548,-0.1972052829889007,1
2,delta-0.30_seed002,2,-0.3,4,-0.1,0.4329875619878294,0.9866146095824144,-0.1630693476976588,1
2,delta-0.30_seed002,2,-0.3,5,-0.05,0.4400266844459111,0.9952708739843328,-0.0971384959656185,1
2,delta-0.30_seed002,2,-0.3,6,0.0,0.4427475678821793,0.9999989578400728,0.0014437169972467,1
2,delta-0.30_seed002,2,-0.3,7,0.0499999999999999,0.4398823125957278,0.9942319454199168,0.1072512876683887,1
2,delta-0.30_seed002,2,-0.3,8,0.0999999999999999,0.4319602170871803,0.9818531700705804,0.1896426967282215,1
2,delta-0.30_seed002,2,-0.3,9,0.1499999999999999,0.4205675410485128,0.9705380083322408,0.2409480740377217,1
2,delta-0.30_seed002,2,-0.3,10,0.1999999999999999,0.4071339792717481,0.9631566648807228,0.2689409580109418,1
2,delta-0.30_seed002,2,-0.3,11,0.2499999999999999,0.3926446736877551,0.9596649651259064,0.2811461447537431,1
2,delta-0.30_seed002,2,-0.3,12,0.3,0.3778376982809277,0.9588390513936004,0.2839501250618149,1
3,delta-0.30_seed003,3,-0.3,0,-0.3,0.3925710391922621,0.975796855186941,-0.2186789825458221,1
3,delta-0.30_seed003,3,-0.3,1,-0.25,0.4037761881627375,0.9767451759185616,-0.2144035011836757,1
3,delta-0.30_seed003,3,-0.3,2,-0.2,0.4145218515914166,0.9792588573913096,-0.2026131541155867,1
3,delta-0.30_seed003,3,-0.3,3,-0.15,0.4244666473387042,0.9829700444050836,-0.1837658613624082,1
3,delta-0.30_seed003,3,-0.3,4,-0.1,0.4332168120745336,0.9881991476085512,-0.153174556195645,1
3,delta-0.30_seed003,3,-0.3,5,-0.05,0.4399670205748407,0.995488943766798,-0.0948776203225232,1
3,delta-0.30_seed003,3,-0.3,6,0.0,0.4427475678821793,0.9999999081499582,0.0004286024675051,1
3,delta-0.30_seed003,3,-0.3,7,0.0499999999999999,0.4399241603241535,0.9952771652209051,0.0970740150083376,1
3,delta-0.30_seed003,3,-0.3,8,0.0999999999999999,0.4329941023752326,0.987873307768432,0.1552621260921584,1
3,delta-0.30_seed003,3,-0.3,9,0.1499999999999999,0.4242073548521148,0.9835437274939004,0.1806702413442901,1
3,delta-0.30_seed003,3,-0.3,10,0.1999999999999999,0.4146247877943096,0.981330007337886,0.1923315280920536,1
3,delta-0.30_seed003,3,-0.3,11,0.2499999999999999,0.4046082876011496,0.9800979390378292,0.1985145583925757,1
3,delta-0.30_seed003,3,-0.3,12,0.3,0.3943702243996085,0.9796734023741044,0.2005991642074971,1
4,delta-0.30_seed004,4,-0.3,0,-0.3,0.3807239037269028,0.9654561763535794,-0.2605654841699614,1
4,delta-0.30_seed004,4,-0.3,1,-0.25,0.3942183269100496,0.965796187942768,-0.2593023782290041,1
4,delta-0.30_seed004,4,-0.3,2,-0.2,0.4075724646827439,0.967684977203602,-0.2521622194034313,1
4,delta-0.30_seed004,4,-0.3,3,-0.15,0.4202766232920112,0.9726069329833036,-0.2324559182142104,1
4,delta-0.30_seed004,4,-0.3,4,-0.1,0.4314727588644018,0.981735845933888,-0.1902491230163044,1
4,delta-0.30_seed004,4,-0.3,5,-0.05,0.4396554739068961,0.9937038985454968,-0.1120382167632128,1
4,delta-0.30_seed004,4,-0.3,6,0.0,0.4427475678821793,0.9999985768210892,-0.0016871146362939,1
4,delta-0.30_seed004,4,-0.3,7,0.0499999999999999,0.4398241856106324,0.9949086492049248,0.100780850052139,1
4,delta-0.30_seed004,4,-0.3,8,0.0999999999999999,0.4326179092313396,0.9865934168299868,0.163197517958245,1
4,delta-0.30_seed004,4,-0.3,9,0.1499999999999999,0.4232826685911277,0.9813113020963516,0.1924269429626815,1
4,delta-0.30_seed004,4,-0.3,10,0.1999999999999999,0.4130087451922009,0.9790311820611082,0.2037104429135366,1
4,delta-0.30_seed004,4,-0.3,11,0.2499999999999999,0.4024753187695751,0.9791124612469256,0.2033194241359829,1
4,delta-0.30_seed004,4,-0.3,12,0.3,0.3922430586972041,0.9796957419920308,0.2004900324771384,1
5,delta-0.30_seed005,5,-0.3,0,-0.3,0.3706029034656239,0.9494319386923123,-0.313972918881481,1
5,delta-0.30_seed005,5,-0.3,1,-0.25,0.3871376810566289,0.9508623767491357,-0.3096138570590548,1
5,delta-0.30_seed005,5,-0.3,2,-0.2,0.4031642777117667,0.9554970042430148,-0.2950008048847054,1
5,delta-0.30_seed005,5,-0.3,3,-0.15,0.4180117501091445,0.964245711198785,-0.2650098270531671,1
5,delta-0.30_seed005,5,-0.3,4,-0.1,0.4306479184451746,0.9776661890063424,-0.2101638001031916,1
5,delta-0.30_seed005,5,-0.3,5,-0.05,0.4395082284027012,0.9927593312499589,-0.1201203988343963,1
5,delta-0.30_seed005,5,-0.3,6,0.0,0.4427475678821793,0.9999982710869232,-0.0018595222946863,1
5,delta-0.30_seed005,5,-0.3,7,0.0499999999999999,0.4396941809536656,0.9941812405870016,0.1077202899406166,1
5,delta-0.30_seed005,5,-0.3,8,0.0999999999999999,0.4319124921894399,0.9835770779519114,0.1804885916826318,1
5,delta-0.30_seed005,5,-0.3,9,0.1499999999999999,0.421343957495992,0.9750900193694504,0.2218094996299414,1
5,delta-0.30_seed005,5,-0.3,10,0.1999999999999999,0.4091649001493351,0.969534703549466,0.244953992850186,1
5,delta-0.30_seed005,5,-0.3,11,0.2499999999999999,0.3960788491967832,0.9663915996040232,0.2570744565583618,1
5,delta-0.30_seed005,5,-0.3,12,0.3,0.3825634213426383,0.9653540831405072,0.2609434692877951,1
6,delta-0.30_seed006,6,-0.3,0,-0.3,0.3776121096889255,0.963617367589858,-0.2672855568099261,1
6,delta-0.30_seed006,6,-0.3,1,-0.25,0.3914809732959838,0.9633109780443906,-0.2683877038523926,1
6,delta-0.30_seed006,6,-0.3,2,-0.2,0.4054730715142796,0.9643373399999488,-0.2646762072454253,1
6,delta-0.30_seed006,6,-0.3,3,-0.15,0.4189274068485247,0.9693395743348014,-0.2457250284940996,1
6,delta-0.30_seed006,6,-0.3,4,-0.1,0.4308228080772096,0.9795328176971008,-0.2012845226399147,1
6,delta-0.30_seed006,6,-0.3,5,-0.05,0.4394764399185078,0.9929649456966922,-0.118408684721877,1
6,delta-0.30_seed006,6,-0.3,6,0.0,0.4427475678821793,0.9999998507921012,0.0005462744505898,1
6,delta-0.30_seed006,6,-0.3,7,0.0499999999999999,0.439421812465298,0.9925088436627711,0.1221728089682352,1
6,delta-0.30_seed006,6,-0.3,8,0.0999999999999999,0.4304380746470997,0.9773784605987734,0.2114978599361518,1
6,delta-0.30_seed006,6,-0.3,9,0.1499999999999999,0.4177825121878413,0.964498464063057,0.2640884564308029,1
6,delta-0.30_seed006,6,-0.3,10,0.1999999999999999,0.4030571646435419,0.9564440673281788,0.2919156489000382,1
6,delta-0.30_seed006,6,-0.3,11,0.2499999999999999,0.3872615796135505,0.9523725575614976,0.3049368977407813,1
6,delta-0.30_seed006,6,-0.3,12,0.3,0.3710385081503773,0.9511845413245272,0.3086226957714693,1
7,delta-0.30_seed007,7,-0.3,0,-0.3,0.3803024604712846,0.9614186852085054,-0.2750892795656508,1
7,delta-0.30_seed007,7,-0.3,1,-0.25,0.3946088851225795,0.962730129305256,-0.2704638573412078,1
7,delta-0.30_seed007,7,-0.3,2,-0.2,0.4083958844857989,0.9665529627571272,-0.2564670937672492,1
7,delta-0.30_seed007,7,-0.3,3,-0.15,0.421143084866344,0.9731234642895558,-0.2302840056302081,1
7,delta-0.30_seed007,7,-0.3,4,-0.1,0.4320603026280878,0.9829722039667976,-0.1837543094151986,1
7,delta-0.30_seed007,7,-0.3,5,-0.05,0.4398368290712824,0.9943375782951288,-0.1062674945135089,1
7,delta-0.30_seed007,7,-0.3,6,0.0,0.4427475678821793,0.9999998473179644,0.0005525975459316,1
7,delta-0.30_seed007,7,-0.3,7,0.0499999999999999,0.4397815693082521,0.9939245719090086,0.1100633697262359,1
7,delta-0.30_seed007,7,-0.3,8,0.0999999999999999,0.4316739539644914,0.981096379525622,0.1935197511411087,1
7,delta-0.30_seed007,7,-0.3,9,0.1499999999999999,0.4200567231891909,0.9692867152660152,0.2459334536186951,1
7,delta-0.30_seed007,7,-0.3,10,0.1999999999999999,0.4063013320410391,0.9611311786588742,0.2760921176162099,1
7,delta-0.30_seed007,7,-0.3,11,0.2499999999999999,0.3913309754716465,0.9566069362500008,0.2913814845153806,1
7,delta-0.30_seed007,7,-0.3,12,0.3,0.3758414353505941,0.9552138244315896,0.2959164571543402,1
8,delta-0.15_seed000,0,-0.15,0,-0.3,0.4505616334936348,0.9940732428869162,-0.1087124085663192,1
8,delta-0.15_seed000,0,-0.15,1,-0.25,0.4560296615964034,0.9943484701024196,-0.106165531152901,1
8,delta-0.15_seed000,0,-0.15,2,-0.2,0.4612385273940163,0.9952335152894104,-0.0975205108922381,1
8,delta-0.15_seed000,0,-0.15,3,-0.15,0.4658284183096839,0.9965561337141718,-0.0829208801006219,1
8,delta-0.15_seed000,0,-0.15,4,-0.1,0.4695592709322227,0.9979572998385036,-0.0638844871548913,1
8,delta-0.15_seed000,0,-0.15,5,-0.05,0.4722299434215529,0.99929325539998,-0.037589755414344,1
8,delta-0.15_seed000,0,-0.15,6,0.0,0.4733209049882134,0.9999969315374704,0.0024772798879913,1
8,delta-0.15_seed000,0,-0.15,7,0.0499999999999999,0.4719822146726073,0.9985840285182926,0.0531971614672967,1
8,delta-0.15_seed000,0,-0.15,8,0.0999999999999999,0.467993645594106,0.9949835777089931,0.1000383930769188,1
8,delta-0.15_seed000,0,-0.15,9,0.1499999999999999,0.4619279388716677,0.9910956770783472,0.1331516386553781,1
8,delta-0.15_seed000,0,-0.15,10,0.1999999999999999,0.4545588540058816,0.9883990984519332,0.1518789721436299,1
8,delta-0.15_seed000,0,-0.15,11,0.2499999999999999,0.4465617803653003,0.9868286146296644,0.1617692348628032,1
8,delta-0.15_seed000,0,-0.15,12,0.3,0.4381660141079919,0.9861935066158616,0.1655970033204423,1
9,delta-0.15_seed001,1,-0.15,0,-0.3,0.4412461354077095,0.9896329882153772,-0.1436194577204048,1
9,delta-0.15_seed001,1,-0.15,1,-0.25,0.4485023333836579,0.9899746683064004,-0.1412450215463641,1
9,delta-0.15_seed001,1,-0.15,2,-0.2,0.4555136743729235,0.9909846866672628,-0.1339751872213188,1
9,delta-0.15_seed001,1,-0.15,3,-0.15,0.4620217337360373,0.9927182999185908,-0.1204590262568266,1
9,delta-0.15_seed001,1,-0.15,4,-0.1,0.4676479350455338,0.995306583932695,-0.0967719173119425,1
9,delta-0.15_seed001,1,-0.15,5,-0.05,0.4717445587302791,0.9983947441605652,-0.056638633745522,1
9,delta-0.15_seed001,1,-0.15,6,0.0,0.4733209049882134,0.9999999101935496,0.0004238076127438,1
9,delta-0.15_seed001,1,-0.15,7,0.0499999999999999,0.4717021779651986,0.998261375771895,0.0589425622280153,1
9,delta-0.15_seed001,1,-0.15,8,0.0999999999999999,0.4674163830204634,0.9948945380768685,0.1009200579905422,1
9,delta-0.15_seed001,1,-0.15,9,0.1499999999999999,0.4615583834092831,0.9922988735538024,0.1238666441938875,1
9,delta-0.15_seed001,1,-0.15,10,0.1999999999999999,0.4549335870106006,0.9910023257264544,0.1338446502657397,1
9,delta-0.15_seed001,1,-0.15,11,0.2499999999999999,0.4480523959064157,0.990726248245718,0.1358731063785761,1
9,delta-0.15_seed001,1,-0.15,12,0.3,0.4412190915463725,0.9907900069088426,0.1354073934819495,1
10,delta-0.15_seed002,2,-0.15,0,-0.3,0.452207960843225,0.996009929147573,-0.0892424844983972,1
10,delta-0.15_seed002,2,-0.15,1,-0.25,0.4566879605845315,0.9960804954661576,-0.0884513795929396,1
10,delta-0.15_seed002,2,-0.15,2,-0.2,0.4610879037791164,0.9963460520900989,-0.0854081054963397,1
10,delta-0.15_seed002,2,-0.15,3,-0.15,0.46526009326044,0.9968512421099698,-0.0792943951601271,1
10,delta-0.15_seed002,2,-0.15,4,-0.1,0.4690423900465248,0.997707942260085,-0.0676672886345179,1
10,delta-0.15_seed002,2,-0.15,5,-0.05,0.4720423674880294,0.9990859701994022,-0.0427460425152962,1
10,delta-0.15_seed002,2,-0.15,6,0.0,0.4733209049882134,0.9999963696370274,0.0026945709798752,1
10,delta-0.15_seed002,2,-0.15,7,0.0499999999999999,0.4717729094118112,0.9981866593365724,0.0601946270234601,1
10,delta-0.15_seed002,2,-0.15,8,0.0999999999999999,0.4672905071201967,0.9940088600035698,0.1092995253164599,1
10,delta-0.15_seed002,2,-0.15,9,0.1499999999999999,0.4607770793227246,0.9902399710461532,0.1393728802260812,1
10,delta-0.15_seed002,2,-0.15,10,0.1999999999999999,0.4532158500369405,0.9881965958799128,0.1531910176588429,1
10,delta-0.15_seed002,2,-0.15,11,0.2499999999999999,0.4452750002528773,0.987705379759094,0.1563268460468127,1
10,delta-0.15_seed002,2,-0.15,12,0.3,0.4373885750974295,0.9877882485865316,0.1558023618381707,1
11,delta-0.15_seed003,3,-0.15,0,-0.3,0.4460025933076394,0.9916674932128884,-0.1288238444732419,1
11,delta-0.15_seed003,3,-0.15,1,-0.25,0.452497907783254,0.9921780306722128,-0.1248309074364591,1
11,delta-0.15_seed003,3,-0.15,2,-0.2,0.4585840961808571,0.9934153610827836,-0.114568409104617,1
11,delta-0.15_seed003,3,-0.15,3,-0.15,0.4640306878864066,0.9950290636980944,-0.0995849506506553,1
11,delta-0.15_seed003,3,-0.15,4,-0.1,0.4685923415963771,0.9968842970286748,-0.0788777429801651,1
11,delta-0.15_seed003,3,-0.15,5,-0.05,0.4719431149569573,0.9988839056966572,-0.0472328586917173,1
11,delta-0.15_seed003,3,-0.15,6,0.0,0.4733209049882134,0.9999998514789268,0.0005450157104847,1
11,delta-0.15_seed003,3,-0.15,7,0.0499999999999999,0.4718886133778142,0.998868264594152,0.0475624850766532,1
11,delta-0.15_seed003,3,-0.15,8,0.0999999999999999,0.4685592675668886,0.9974049427218346,0.0719956959411747,1
11,delta-0.15_seed003,3,-0.15,9,0.1499999999999999,0.4646703118778532,0.996922424984574,0.0783943783882239,1
11,delta-0.15_seed003,3,-0.15,10,0.1999999999999999,0.4606956287898356,0.9968566889163591,0.0792258907347414,1
11,delta-0.15_seed003,3,-0.15,11,0.2499999999999999,0.4567227411171188,0.9968944268125762,0.0787496145388998,1
11,delta-0.15_seed003,3,-0.15,12,0.3,0.4527961348794633,0.9969305431002844,0.0782910737809372,1
12,delta-0.15_seed004,4,-0.15,0,-0.3,0.4417784943507286,0.9920923868207088,-0.1255097446909554,1
12,delta-0.15_seed004,4,-0.15,1,-0.25,0.4481040012469748,0.9918381288722944,-0.1275034356992231,1
12,delta-0.15_seed004,4,-0.15,2,-0.2,0.454633760949946,0.9915936238568812,-0.1293912096178786,1
12,delta-0.15_seed004,4,-0.15,3,-0.15,0.461152815449168,0.9922444339027916,-0.1243019846540208,1
12,delta-0.15_seed004,4,-0.15,4,-0.1,0.4671611161465989,0.9945278164077964,-0.1044721129830358,1
12,delta-0.15_seed004,4,-0.15,5,-0.05,0.47165751036664,0.9981082318241452,-0.0614813594911394,1
12,delta-0.15_seed004,4,-0.15,6,0.0,0.4733209049882134,0.9999956264668632,-0.0029575407260037,1
12,delta-0.15_seed004,4,-0.15,7,0.0499999999999999,0.4719532657327363,0.9989980454204368,0.0447538294020374,1
12,delta-0.15_seed004,4,-0.15,8,0.0999999999999999,0.4688410334201762,0.9975133776942948,0.0704773816264409,1
12,delta-0.15_seed004,4,-0.15,9,0.1499999999999999,0.4648879588203272,0.9964922003901232,0.0836856891090147,1
12,delta-0.15_seed004,4,-0.15,10,0.1999999999999999,0.4604430059116566,0.9958466236216482,0.0910467035172803,1
12,delta-0.15_seed004,4,-0.15,11,0.2499999999999999,0.4557453156303381,0.9956242679081524,0.0934468680714092,1
12,delta-0.15_seed004,4,-0.15,12,0.3,0.4510572495491942,0.995633178436466,0.09335188266179,1
13,delta-0.15_seed005,5,-0.15,0,-0.3,0.4338062469760189,0.9848394694078246,-0.173468208892911,1
13,delta-0.15_seed005,5,-0.15,1,-0.25,0.4426131751242792,0.9850667906723176,-0.1721726398547119,1
13,delta-0.15_seed005,5,-0.15,2,-0.2,0.4512845176359406,0.9860766994068156,-0.1662911389309745,1
13,delta-0.15_seed005,5,-0.15,3,-0.15,0.4594770903786411,0.988508816655428,-0.1511632210376764,1
13,delta-0.15_seed005,5,-0.15,4,-0.1,0.4665765634417766,0.9927748064495556,-0.1199924317573711,1
13,delta-0.15_seed005,5,-0.15,5,-0.05,0.4715636613691458,0.9977334222718264,-0.0672905497209642,1
13,delta-0.15_seed005,5,-0.15,6,0.0,0.4733209049882134,0.9999944400507422,-0.0033346465483456,1
13,delta-0.15_seed005,5,-0.15,7,0.0499999999999999,0.4718971278780373,0.9988647273577804,0.0476367131576773,1
13,delta-0.15_seed005,5,-0.15,8,0.0999999999999999,0.4685518194601172,0.9969921934240652,0.0775020403052177,1
13,delta-0.15_seed005,5,-0.15,9,0.1499999999999999,0.4641235424060141,0.9954613119568622,0.095167097240185,1
13,delta-0.15_seed005,5,-0.15,10,0.1999999999999999,0.4589917194243753,0.9943263500233228,0.1063725041977321,1
13,delta-0.15_seed005,5,-0.15,11,0.2499999999999999,0.4534255955804838,0.9936165098666816,0.1128105993262785,1
13,delta-0.15_seed005,5,-0.15,12,0.3,0.4476381843123818,0.993367742756904,0.1149805533560071,1
14,delta-0.15_seed006,6,-0.15,0,-0.3,0.4473925935308216,0.9954305904906128,-0.0954879024563337,1
14,delta-0.15_seed006,6,-0.15,1,-0.25,0.4521889049647143,0.9951125844326734,-0.0987468698426712,1
14,delta-0.15_seed006,6,-0.15,2,-0.2,0.4573157792474376,0.9946205582767168,-0.1035854480769978,1
14,delta-0.15_seed006,6,-0.15,3,-0.15,0.4626034743414493,0.9946650366378932,-0.1031574761718137,1
14,delta-0.15_seed006,6,-0.15,4,-0.1,0.4676868561800802,0.9958809592757008,-0.0906703642438376,1
14,delta-0.15_seed006,6,-0.15,5,-0.05,0.4717080127302324,0.9984166431843404,-0.0562512809855311,1
14,delta-0.15_seed006,6,-0.15,6,0.0,0.4733209049882134,0.9999993457694994,0.0011438796147266,1
14,delta-0.15_seed006,6,-0.15,7,0.0499999999999999,0.4715936246939236,0.9978615443500516,0.0653631265112837,1
14,delta-0.15_seed006,6,-0.15,8,0.0999999999999999,0.4667705847678007,0.9930292819450316,0.1178679142079622,1
14,delta-0.15_seed006,6,-0.15,9,0.1499999999999999,0.4597240941220661,0.988266298644703,0.1527407049973877,1
14,delta-0.15_seed006,6,-0.15,10,0.1999999999999999,0.4513151649880456,0.9849564265052626,0.172802887377448,1
14,delta-0.15_seed006,6,-0.15,11,0.2499999999999999,0.4421798776747891,0.9831926701500768,0.1825710090982739,1
14,delta-0.15_seed006,6,-0.15,12,0.3,0.4327459654159611,0.9826618328013698,0.1854069102149456,1
15,delta-0.15_seed007,7,-0.15,0,-0.3,0.4462644527229713,0.993119447338212,-0.117105778331579,1
15,delta-0.15_seed007,7,-0.15,1,-0.25,0.4521603083849186,0.993280011648332,-0.1157359860194271,1
15,delta-0.15_seed007,7,-0.15,2,-0.2,0.4579163519520079,0.993772725123788,-0.111426077737843,1
15,delta-0.15_seed007,7,-0.15,3,-0.15,0.4633727390464628,0.9947161484410624,-0.1026634503149889,1
15,delta-0.15_seed007,7,-0.15,4,-0.1,0.4682372309762286,0.9963946992372756,-0.0848386900644908,1
15,delta-0.15_seed007,7,-0.15,5,-0.05,0.4718873056262964,0.9987103121662452,-0.050771176594608,1
15,delta-0.15_seed007,7,-0.15,6,0.0,0.4733209049882134,0.9999994015259815,0.0010940510402016,1
15,delta-0.15_seed007,7,-0.15,7,0.0499999999999999,0.4717779004568001,0.9982759057684836,0.0586959620596975,1
15,delta-0.15_seed007,7,-0.15,8,0.0999999999999999,0.4674411715677706,0.9942832788377474,0.1067743481537498,1
15,delta-0.15_seed007,7,-0.15,9,0.1499999999999999,0.46103907476936,0.9900604099141228,0.1406427556637002,1
15,delta-0.15_seed007,7,-0.15,10,0.1999999999999999,0.4532356994313886,0.9866205805258282,0.1630332177284062,1
15,delta-0.15_seed007,7,-0.15,11,0.2499999999999999,0.4445146660000318,0.9842268830383696,0.1769108326377308,1
15,delta-0.15_seed007,7,-0.15,12,0.3,0.4352611007197993,0.9833020481399786,0.1819809938529936,1
16,delta+0.00_seed000,0,0.0,0,-0.3,0.5067595108848764,0.999529907880756,0.0306588201320169,1
16,delta+0.00_seed000,0,0.0,1,-0.25,0.5052258489158703,0.9995205235029856,0.0309632539685,1
16,delta+0.00_seed000,0,0.0,2,-0.2,0.5036617001605919,0.9995267673260122,0.0307610370243214,1
16,delta+0.00_seed000,0,0.0,3,-0.15,0.5021482888114406,0.9996129219235173,0.0278209691335235,1
16,delta+0.00_seed000,0,0.0,4,-0.1,0.5008785259415163,0.9997988437741832,0.0200567192682656,1
16,delta+0.00_seed000,0,0.0,5,-0.05,0.5001422133500455,0.9999614118409096,0.0087849205536883,1
16,delta+0.00_seed000,0,0.0,6,0.0,0.4999999999854481,0.9999959550971558,0.0028442554961262,1
16,delta+0.00_seed000,0,0.0,7,0.0499999999999999,0.4998577866499545,0.999961411843466,0.0087849202626836,1
16,delta+0.00_seed000,0,0.0,8,0.0999999999999999,0.4991214740584837,0.9997988437741832,0.0200567192682656,1
16,delta+0.00_seed000,0,0.0,9,0.1499999999999999,0.4978517111885594,0.9996129219235173,0.0278209691335235,1
16,delta+0.00_seed000,0,0.0,10,0.1999999999999999,0.4963382998394081,0.9995267673260122,0.0307610370243214,1
16,delta+0.00_seed000,0,0.0,11,0.2499999999999999,0.4947741510841297,0.9995205235029856,0.0309632539685,1
16,delta+0.00_seed000,0,0.0,12,0.3,0.4932404891151236,0.999529907880756,0.0306588201320169,1
17,delta+0.00_seed001,1,0.0,0,-0.3,0.5003082070761593,0.999999916247497,-0.0004092737456733,1
17,delta+0.00_seed001,1,0.0,1,-0.25,0.5003286707651569,0.999999999297628,-3.747991283585682e-05,1
17,delta+0.00_seed001,1,0.0,2,-0.2,0.5003119550674455,0.999999629440302,0.000860882836829,1
17,delta+0.00_seed001,1,0.0,3,-0.15,0.5002425824495731,0.999998279450082,0.0018550193733371,1
17,delta+0.00_seed001,1,0.0,4,-0.1,0.5001264528109459,0.9999976166921104,0.0021832567643443,1
17,delta+0.00_seed001,1,0.0,5,-0.05,0.5000242562528001,0.999999200485105,0.0012645272439691,1
17,delta+0.00_seed001,1,0.0,6,0.0,0.4999999999854481,0.9999998823268608,0.0004851249989161,1
17,delta+0.00_seed001,1,0.0,7,0.0499999999999999,0.4999757437471999,0.999999200485473,0.0012645269529315,1
17,delta+0.00_seed001,1,0.0,8,0.0999999999999999,0.4998735471890541,0.9999976166921104,0.0021832567643443,1
17,delta+0.00_seed001,1,0.0,9,0.1499999999999999,0.4997574175504269,0.999998279450082,0.0018550193733371,1
17,delta+0.00_seed001,1,0.0,10,0.1999999999999999,0.4996880449325545,0.999999629440302,0.000860882836829,1
17,delta+0.00_seed001,1,0.0,11,0.2499999999999999,0.4996713292348431,0.999999999297628,-3.747991283585682e-05,1
17,delta+0.00_seed001,1,0.0,12,0.3,0.4996917929238407,0.999999916247497,-0.0004092737456733,1
18,delta+0.00_seed002,2,0.0,0,-0.3,0.5073781736573437,0.99955564864168,0.0298078054963876,1
18,delta+0.00_seed002,2,0.0,1,-0.25,0.5058871208311757,0.9994957459471177,0.0317530129848298,1
18,delta+0.00_seed002,2,0.0,2,-0.2,0.5042012703925138,0.9994157893671852,0.0341771848396906,1
18,delta+0.00_seed002,2,0.0,3,-0.15,0.5024674045125721,0.9994848185013409,0.0320951333591516,1
18,delta+0.00_seed002,2,0.0,4,-0.1,0.500990102722426,0.999732806995246,0.0231152464275393,1
18,delta+0.00_seed002,2,0.0,5,-0.05,0.5001552620815346,0.9999509884319476,0.0099005421049018,1
18,delta+0.00_seed002,2,0.0,6,0.0,0.4999999999854481,0.999995178772074,0.0031052266596143,1
18,delta+0.00_seed002,2,0.0,7,0.0499999999999999,0.4998447379184654,0.9999509884348288,0.0099005418139063,1
18,delta+0.00_seed002,2,0.0,8,0.0999999999999999,0.499009897277574,0.999732806995246,0.0231152464275393,1
18,delta+0.00_seed002,2,0.0,9,0.1499999999999999,0.4975325954874279,0.9994848185013409,0.0320951333591516,1
18,delta+0.00_seed002,2,0.0,10,0.1999999999999999,0.4957987296074861,0.9994157893671852,0.0341771848396906,1
18,delta+0.00_seed002,2,0.0,11,0.2499999999999999,0.4941128791688243,0.9994957459471177,0.0317530129848298,1
18,delta+0.00_seed002,2,0.0,12,0.3,0.4926218263426563,0.99955564864168,0.0298078054963875,1
19,delta+0.00_seed003,3,0.0,0,-0.3,0.4957219500938663,0.999502776154911,-0.0315309444613692,1
19,delta+0.00_seed003,3,0.0,1,-0.25,0.4972992816037731,0.9995872882605662,-0.0287272196337903,1
19,delta+0.00_seed003,3,0.0,2,-0.2,0.4985958581528393,0.9997537134251556,-0.0221926224816176,1
19,delta+0.00_seed003,3,0.0,3,-0.15,0.4995190905610798,0.99990451474854,-0.0138188778664082,1
19,delta+0.00_seed003,3,0.0,4,-0.1,0.4999778779019834,0.9999870338798056,-0.0050923542952835,1
19,delta+0.00_seed003,3,0.0,5,-0.05,0.5000283325935015,0.999999975530672,-0.0002212208292332,1
19,delta+0.00_seed003,3,0.0,6,0.0,0.4999999999854481,0.9999998394528676,0.0005666517790565,1
19,delta+0.00_seed003,3,0.0,7,0.0499999999999999,0.4999716674064984,0.9999999755306076,-0.0002212211202715,1
19,delta+0.00_seed003,3,0.0,8,0.0999999999999999,0.5000221220980166,0.9999870338798056,-0.0050923542952835,1
19,delta+0.00_seed003,3,0.0,9,0.1499999999999999,0.5004809094389202,0.99990451474854,-0.0138188778664082,1
19,delta+0.00_seed003,3,0.0,10,0.1999999999999999,0.5014041418471606,0.9997537134251556,-0.0221926224816176,1
19,delta+0.00_seed003,3,0.0,11,0.2499999999999999,0.5027007183962269,0.9995872882605662,-0.0287272196337912,1
19,delta+0.00_seed003,3,0.0,12,0.3,0.5042780499061337,0.999502776154911,-0.0315309444613692,1
20,delta+0.00_seed004,4,0.0,0,-0.3,0.4959822522796457,0.999958125104182,-0.0091513954197612,1
20,delta+0.00_seed004,4,0.0,1,-0.25,0.4964398412121227,0.999934452873944,-0.0114494522002744,1
20,delta+0.00_seed004,4,0.0,2,-0.2,0.4971272725524613,0.9998694508887312,-0.0161580066675035,1
20,delta+0.00_seed004,4,0.0,3,-0.15,0.4980558528477559,0.9998085634528772,-0.0195662067425984,1
20,delta+0.00_seed004,4,0.0,4,-0.1,0.499084267867147,0.9998423102466556,-0.0177582274067742,1
20,delta+0.00_seed004,4,0.0,5,-0.05,0.4998319556616479,0.9999580743711604,-0.0091569372565618,1
20,delta+0.00_seed004,4,0.0,6,0.0,0.4999999999854481,0.9999943522679152,-0.0033608677856529,1
20,delta+0.00_seed004,4,0.0,7,0.0499999999999999,0.500168044338352,0.9999580743684956,-0.0091569375475635,1
20,delta+0.00_seed004,4,0.0,8,0.0999999999999999,0.500915732132853,0.9998423102466556,-0.0177582274067742,1
20,delta+0.00_seed004,4,0.0,9,0.1499999999999999,0.5019441471522441,0.9998085634528772,-0.0195662067425984,1
20,delta+0.00_seed004,4,0.0,10,0.1999999999999999,0.5028727274475386,0.9998694508887312,-0.0161580066675035,1
20,delta+0.00_seed004,4,0.0,11,0.2499999999999999,0.5035601587878773,0.999934452873944,-0.0114494522002752,1
20,delta+0.00_seed004,4,0.0,12,0.3,0.5040177477203542,0.999958125104182,-0.0091513954197612,1
21,delta+0.00_seed005,5,0.0,0,-0.3,0.4928955691430019,0.9995652218334004,-0.0294850352067776,1
21,delta+0.00_seed005,5,0.0,1,-0.25,0.4943704621546203,0.999543035951608,-0.0302277898735958,1
21,delta+0.00_seed005,5,0.0,2,-0.2,0.4959197300631786,0.9995141493521076,-0.0311683372179687,1
21,delta+0.00_seed005,5,0.0,3,-0.15,0.4974888109281892,0.9995548986909586,-0.0298329432491623,1
21,delta+0.00_seed005,5,0.0,4,-0.1,0.4989043528476031,0.9997308301148354,-0.0232005887404178,1
21,delta+0.00_seed005,5,0.0,5,-0.05,0.4998094944603508,0.9999399832709108,-0.0109558138068748,1
21,delta+0.00_seed005,5,0.0,6,0.0,0.4999999999854481,0.9999927416068998,-0.0038100831377014,1
21,delta+0.00_seed005,5,0.0,7,0.0499999999999999,0.5001905055396492,0.9999399832677224,-0.0109558140978607,1
21,delta+0.00_seed005,5,0.0,8,0.0999999999999999,0.5010956471523969,0.9997308301148354,-0.0232005887404178,1
21,delta+0.00_seed005,5,0.0,9,0.1499999999999999,0.5025111890718108,0.9995548986909586,-0.0298329432491623,1
21,delta+0.00_seed005,5,0.0,10,0.1999999999999999,0.5040802699368214,0.9995141493521076,-0.0311683372179687,1
21,delta+0.00_seed005,5,0.0,11,0.2499999999999999,0.5056295378453797,0.999543035951608,-0.0302277898735967,1
21,delta+0.00_seed005,5,0.0,12,0.3,0.5071044308569981,0.9995652218334004,-0.0294850352067776,1
22,delta+0.00_seed006,6,0.0,0,-0.3,0.5086846874182811,0.998552063334246,0.0537938361796172,1
22,delta+0.00_seed006,6,0.0,1,-0.25,0.5059910954587394,0.998720481620224,0.0505707384983477,1
22,delta+0.00_seed006,6,0.0,2,-0.2,0.5036211346596247,0.9991000551157248,0.042415561622542,1
22,delta+0.00_seed006,6,0.0,3,-0.15,0.5017457186913816,0.9995294847836784,0.0306726107150063,1
22,delta+0.00_seed006,6,0.0,4,-0.1,0.5005524297157535,0.9998592043393644,0.0167800923076527,1
22,delta+0.00_seed006,6,0.0,5,-0.05,0.5000674731709296,0.9999847414188971,0.005524213010116,1
22,delta+0.00_seed006,6,0.0,6,0.0,0.4999999999854481,0.9999990894754844,0.0013494621898722,1
22,delta+0.00_seed006,6,0.0,7,0.0499999999999999,0.4999325268290704,0.999984741420505,0.005524212719091,1
22,delta+0.00_seed006,6,0.0,8,0.0999999999999999,0.4994475702842464,0.9998592043393644,0.0167800923076527,1
22,delta+0.00_seed006,6,0.0,9,0.1499999999999999,0.4982542813086184,0.9995294847836784,0.0306726107150063,1
22,delta+0.00_seed006,6,0.0,10,0.1999999999999999,0.4963788653403753,0.9991000551157248,0.042415561622542,1
22,delta+0.00_seed006,6,0.0,11,0.2499999999999999,0.4940089045412605,0.998720481620224,0.0505707384983477,1
22,delta+0.00_seed006,6,0.0,12,0.3,0.4913153125817189,0.998552063334246,0.0537938361796172,1
23,delta+0.00_seed007,7,0.0,0,-0.3,0.5068108990526525,0.9990681390774978,0.0431607863717205,1
23,delta+0.00_seed007,7,0.0,1,-0.25,0.504650846865843,0.999201514123483,0.0399541508899781,1
23,delta+0.00_seed007,7,0.0,2,-0.2,0.5028122911317041,0.9994682369648236,0.0326074117100229,1
23,delta+0.00_seed007,7,0.0,3,-0.15,0.5013883708306821,0.9997255775664284,0.0234258310305365,1
23,delta+0.00_seed007,7,0.0,4,-0.1,0.5004690649948316,0.9999122942971458,0.0132440066980496,1
23,delta+0.00_seed007,7,0.0,5,-0.05,0.500063853993197,0.9999889990823816,0.0046905984923795,1
23,delta+0.00_seed007,7,0.0,6,0.0,0.4999999999854481,0.999999184534508,0.0012770788225248,1
23,delta+0.00_seed007,7,0.0,7,0.0499999999999999,0.499936146006803,0.9999889990837466,0.0046905982013508,1
23,delta+0.00_seed007,7,0.0,8,0.0999999999999999,0.4995309350051684,0.9999122942971458,0.0132440066980496,1
23,delta+0.00_seed007,7,0.0,9,0.1499999999999999,0.4986116291693179,0.9997255775664284,0.0234258310305365,1
23,delta+0.00_seed007,7,0.0,10,0.1999999999999999,0.4971877088682959,0.9994682369648236,0.0326074117100229,1
23,delta+0.00_seed007,7,0.0,11,0.2499999999999999,0.4953491531341569,0.999201514123483,0.0399541508899781,1
23,delta+0.00_seed007,7,0.0,12,0.3,0.4931891009473474,0.9990681390774978,0.0431607863717205,1
24,delta+0.15_seed000,0,0.15,0,-0.3,0.5624404341069749,0.9856834753730356,0.1686063058623097,1
24,delta+0.15_seed000,0,0.15,1,-0.25,0.553887672998826,0.9861047567173112,0.1661246784180245,1
24,delta+0.15_seed000,0,0.15,2,-0.2,0.5455938792874804,0.9877655414965296,0.1559462568709734,1
24,delta+0.15_seed000,0,0.15,3,-0.15,0.5380998923646985,0.9908992153024364,0.1346058881067831,1
24,delta+0.15_seed000,0,0.15,4,-0.1,0.5320096634532092,0.994956171257176,0.1003106040120426,1
24,delta+0.15_seed000,0,0.15,5,-0.05,0.5280179805267835,0.9985822726401078,0.0532301114869938,1
24,delta+0.15_seed000,0,0.15,6,0.0,0.5266790950117866,0.9999969218492516,0.0024811876232784,1
24,delta+0.15_seed000,0,0.15,7,0.0499999999999999,0.5277698610007064,0.999294505758679,-0.0375565009088673,1
24,delta+0.15_seed000,0,0.15,8,0.0999999999999999,0.5304373965627747,0.997975017713958,-0.0636071066691824,1
24,delta+0.15_seed000,0,0.15,9,0.1499999999999999,0.5341434781294083,0.9966792004392112,-0.0814283206989711,1
24,delta+0.15_seed000,0,0.15,10,0.1999999999999999,0.5386073594418122,0.9956350899333292,-0.0933314935777388,1
24,delta+0.15_seed000,0,0.15,11,0.2499999999999999,0.5435175444436027,0.9948174024146688,-0.1016776074311891,1
24,delta+0.15_seed000,0,0.15,12,0.3,0.5488280901190592,0.9944068975176672,-0.1056168649851316,1
25,delta+0.15_seed001,1,0.15,0,-0.3,0.5595578615466366,0.9895557796793388,0.1441504731286582,1
25,delta+0.15_seed001,1,0.15,1,-0.25,0.5522742664179532,0.9897958299504408,0.1424928595148463,1
25,delta+0.15_seed001,1,0.15,2,-0.2,0.5451616744539933,0.9905972156431782,0.1368106587952224,1
25,delta+0.15_seed001,1,0.15,3,-0.15,0.5384633393696276,0.9921869207417928,0.1247602272718315,1
25,delta+0.15_seed001,1,0.15,4,-0.1,0.5325874079862842,0.994873145066878,0.1011307333343276,1
25,delta+0.15_seed001,1,0.15,5,-0.05,0.5282981505879434,0.9982591483112088,0.0589802747787802,1
25,delta+0.15_seed001,1,0.15,6,0.0,0.5266790950117866,0.9999999073867184,0.0004303795469019,1
25,delta+0.15_seed001,1,0.15,7,0.0499999999999999,0.5282551126292674,0.9983968851344645,-0.0566008812104465,1
25,delta+0.15_seed001,1,0.15,8,0.0999999999999999,0.532348271473893,0.9953270674579832,-0.0965610106900897,1
25,delta+0.15_seed001,1,0.15,9,0.1499999999999999,0.5379565478506265,0.9928263226427044,-0.1195654342515618,1
25,delta+0.15_seed001,1,0.15,10,0.1999999999999999,0.5443912070331862,0.9913805758323394,-0.1310135636578873,1
25,delta+0.15_seed001,1,0.15,11,0.2499999999999999,0.5511718121852027,0.990893907838478,-0.1346449531493466,1
25,delta+0.15_seed001,1,0.15,12,0.3,0.5579794380319072,0.9908581518334492,-0.134907831296784,1
26,delta+0.15_seed002,2,0.15,0,-0.3,0.5626151123869931,0.9877749292950048,0.1558867828144798,1
26,delta+0.15_seed002,2,0.15,1,-0.25,0.5547243075998267,0.9877023743500124,0.1563458336616233,1
26,delta+0.15_seed002,2,0.15,2,-0.2,0.5467858668853296,0.9881993037634992,0.1531735487652341,1
26,delta+0.15_seed002,2,0.15,3,-0.15,0.53922403875913,0.9902380892477112,0.1393862496914305,1
26,delta+0.15_seed002,2,0.15,4,-0.1,0.5327098329289583,0.9940076955490988,0.1093101147614918,1
26,delta+0.15_seed002,2,0.15,5,-0.05,0.5282271304604365,0.9981864553812412,0.0601980090487487,1
26,delta+0.15_seed002,2,0.15,6,0.0,0.5266790950117866,0.9999963674855998,0.0026953692892484,1
26,delta+0.15_seed002,2,0.15,7,0.0499999999999999,0.5279575925524114,0.9990861167384144,-0.0427426173807289,1
26,delta+0.15_seed002,2,0.15,8,0.0999999999999999,0.530957266499172,0.9977086815507724,-0.067656387416262,1
26,delta+0.15_seed002,2,0.15,9,0.1499999999999999,0.5347387691290351,0.9968523563767492,-0.079280385885303,1
26,delta+0.15_seed002,2,0.15,10,0.1999999999999999,0.5389103385241469,0.9963445443746936,-0.0854256922405899,1
26,delta+0.15_seed002,2,0.15,11,0.2499999999999999,0.5433126799034653,0.9960822683743648,-0.0884314120105525,1
26,delta+0.15_seed002,2,0.15,12,0.3,0.5477882610430242,0.996017749111226,-0.0891551650517626,1
27,delta+0.15_seed003,3,0.15,0,-0.3,0.5471686793753179,0.9969678977041972,0.0778139508524884,1
27,delta+0.15_seed003,3,0.15,1,-0.25,0.5432661489612656,0.9969197082937448,0.0784289182350144,1
27,delta+0.15_seed003,3,0.15,2,-0.2,0.539301554512349,0.9968649939925208,0.0791213229938147,1
27,delta+0.15_seed003,3,0.15,3,-0.15,0.5353291340725264,0.9969245624465164,0.0783671920565115,1
27,delta+0.15_seed003,3,0.15,4,-0.1,0.5314406596153276,0.9974053365922048,0.0719902391813696,1
27,delta+0.15_seed003,3,0.15,5,-0.05,0.5281113825185457,0.9988682991494886,0.0475617593682936,1
27,delta+0.15_seed003,3,0.15,6,0.0,0.5266790950117866,0.9999998515236542,0.0005449336377203,1
27,delta+0.15_seed003,3,0.15,7,0.0499999999999999,0.5280568891466828,0.9988838714889337,-0.0472335821135736,1
27,delta+0.15_seed003,3,0.15,8,0.0999999999999999,0.5314077309885761,0.9968838703312024,-0.0788831355454535,1
27,delta+0.15_seed003,3,0.15,9,0.1499999999999999,0.5359698605461745,0.9950264046166196,-0.099611515979444,1
27,delta+0.15_seed003,3,0.15,10,0.1999999999999999,0.5414186729612993,0.9934036963483692,-0.1146695080716648,1
27,delta+0.15_seed003,3,0.15,11,0.2499999999999999,0.5475129530968843,0.9921393317303726,-0.1251381094375708,1
27,delta+0.15_seed003,3,0.15,12,0.3,0.5540316301776329,0.9916081978046304,-0.1292794726422293,1
28,delta+0.15_seed004,4,0.15,0,-0.3,0.5494611383037409,0.995000616008651,0.0998687846246517,1
28,delta+0.15_seed004,4,0.15,1,-0.25,0.544442609520047,0.9951878749035022,0.0979851705364178,1
28,delta+0.15_seed004,4,0.15,2,-0.2,0.5396152415632969,0.9956895043951498,0.0927491824079379,1
28,delta+0.15_seed004,4,0.15,3,-0.15,0.5351275387074566,0.9964462547995,0.0842309996144545,1
28,delta+0.15_seed004,4,0.15,4,-0.1,0.5311621012951946,0.9975027086432318,0.0706282255859223,1
28,delta+0.15_seed004,4,0.15,5,-0.05,0.5280470340658212,0.9989966448382526,0.0447850823591333,1
28,delta+0.15_seed004,4,0.15,6,0.0,0.5266790950117866,0.9999956441640226,-0.0029515509450877,1
28,delta+0.15_seed004,4,0.15,7,0.0499999999999999,0.5283421904459829,0.9981101394557628,-0.0614503825504559,1
28,delta+0.15_seed004,4,0.15,8,0.0999999999999999,0.5328357685211813,0.9945434374698934,-0.1043233003004042,1
28,delta+0.15_seed004,4,0.15,9,0.1499999999999999,0.538831757454318,0.992311920044502,-0.1237620836023467,1
28,delta+0.15_seed004,4,0.15,10,0.1999999999999999,0.5453078633436235,0.991813999662618,-0.127690994487633,1
28,delta+0.15_seed004,4,0.15,11,0.2499999999999999,0.5517062474827981,0.99241505130801,-0.1229323632625685,1
28,delta+0.15_seed004,4,0.15,12,0.3,0.5576950558897806,0.99290310493187,-0.1189261292427015,1
29,delta+0.15_seed005,5,0.15,0,-0.3,0.5523211493127747,0.9934324538917492,0.1144201011825186,1
29,delta+0.15_seed005,5,0.15,1,-0.25,0.5465623228956247,0.9936586445363554,0.1124388640025006,1
29,delta+0.15_seed005,5,0.15,2,-0.2,0.5410055063985055,0.994338595541114,0.1062579757821724,1
29,delta+0.15_seed005,5,0.15,3,-0.15,0.5358760258677648,0.9954639039089144,0.0951399811563138,1
29,delta+0.15_seed005,5,0.15,4,-0.1,0.5314481552195502,0.996992527593623,0.0774977414024368,1
29,delta+0.15_seed005,5,0.15,5,-0.05,0.5281028741883347,0.9988647393921516,0.0476364608157326,1
29,delta+0.15_seed005,5,0.15,6,0.0,0.5266790950117866,0.9999944401885524,-0.0033346052215948,1
29,delta+0.15_seed005,5,0.15,7,0.0499999999999999,0.5284363365644822,0.9977334053692398,-0.0672908003392758,1
29,delta+0.15_seed005,5,0.15,8,0.0999999999999999,0.5334234617912443,0.992774297272108,-0.1199966444358848,1
29,delta+0.15_seed005,5,0.15,9,0.1499999999999999,0.5405233380879508,0.9885047827477048,-0.1511895978065721,1
29,delta+0.15_seed005,5,0.15,10,0.1999999999999999,0.5487182383512845,0.9860579284685222,-0.1664024089500107,1
29,delta+0.15_seed005,5,0.15,11,0.2499999999999999,0.5573988586984342,0.9850034643928322,-0.1725345621437008,1
29,delta+0.15_seed005,5,0.15,12,0.3,0.5662343759468058,0.9847431260302368,-0.1740142975051106,1
30,delta+0.15_seed006,6,0.15,0,-0.3,0.5670401718089124,0.983140453216354,0.1828519872726084,1
30,delta+0.15_seed006,6,0.15,1,-0.25,0.5577407890668837,0.9835219034346584,0.1807890081400582,1
30,delta+0.15_seed006,6,0.15,2,-0.2,0.5486583739548223,0.9850764322701174,0.1721174674051895,1
30,delta+0.15_seed006,6,0.15,3,-0.15,0.540268290307722,0.9883032959888006,0.1525011315947301,1
30,delta+0.15_seed006,6,0.15,4,-0.1,0.5332277736306423,0.9930379407684056,0.117794941293947,1
30,delta+0.15_seed006,6,0.15,5,-0.05,0.5284062116843415,0.9978626126357614,0.0653468155592328,1
30,delta+0.15_seed006,6,0.15,6,0.0,0.5266790950117866,0.9999993495094032,0.001140605440209,1
30,delta+0.15_seed006,6,0.15,7,0.0499999999999999,0.5282921510661254,0.99841571523826,-0.056267748891115,1
30,delta+0.15_seed006,6,0.15,8,0.0999999999999999,0.5323147984599927,0.9958741164612946,-0.0907454911410787,1
30,delta+0.15_seed006,6,0.15,9,0.1499999999999999,0.5374042958283098,0.994638829698905,-0.1034098566636299,1
30,delta+0.15_seed006,6,0.15,10,0.1999999999999999,0.5427115227357717,0.9945437753507206,-0.1043200791369299,1
30,delta+0.15_seed006,6,0.15,11,0.2499999999999999,0.5478935353894485,0.9949192081534122,-0.1006765575861006,1
30,delta+0.15_seed006,6,0.15,12,0.3,0.5528305913758231,0.9951604554991264,-0.0982632576845049,1
31,delta+0.15_seed007,7,0.15,0,-0.3,0.5649330419691978,0.982862207276674,0.1843417519370589,1
31,delta+0.15_seed007,7,0.15,1,-0.25,0.5555552395380801,0.983930727306222,0.1785506198887278,1
31,delta+0.15_seed007,7,0.15,2,-0.2,0.5467863762605703,0.9865189562523694,0.1636470254991993,1
31,delta+0.15_seed007,7,0.15,3,-0.15,0.5389669089781819,0.9900316456789344,0.1408450941788918,1
31,delta+0.15_seed007,7,0.15,4,-0.1,0.5325600538199069,0.9942770857579952,0.1068320023990388,1
31,delta+0.15_seed007,7,0.15,5,-0.05,0.528222217792063,0.9982751889194608,0.0587081526520381,1
31,delta+0.15_seed007,7,0.15,6,0.0,0.5266790950117866,0.999999398934506,0.0010964171773612,1
31,delta+0.15_seed007,7,0.15,7,0.0499999999999999,0.5281125760084251,0.9987109363010174,-0.0507588978677162,1
31,delta+0.15_seed007,7,0.15,8,0.0999999999999999,0.5317615363892401,0.9963997102827586,-0.0847798168695491,1
31,delta+0.15_seed007,7,0.15,9,0.1499999999999999,0.5366211911750725,0.9947378193495876,-0.1024532613225539,1
31,delta+0.15_seed007,7,0.15,10,0.1999999999999999,0.5420610604778631,0.9938451114156084,-0.1107785832880053,1
31,delta+0.15_seed007,7,0.15,11,0.2499999999999999,0.5477676547452575,0.9934825265355004,-0.1139845141615256,1
31,delta+0.15_seed007,7,0.15,12,0.3,0.553534288352239,0.993414810321754,-0.1145731846174912,1
32,delta+0.30_seed000,0,0.3,0,-0.3,0.6197756111068884,0.9577374539681108,0.2876438236199077,1
32,delta+0.30_seed000,0,0.3,1,-0.25,0.6047587699868018,0.9591154257045096,0.2830151942487495,1
32,delta+0.30_seed000,0,0.3,2,-0.2,0.5902676721598255,0.964213216748296,0.2651280306717938,1
32,delta+0.30_seed000,0,0.3,3,-0.15,0.5772619439667324,0.9733859787181698,0.2291718491326339,1
32,delta+0.30_seed000,0,0.3,4,-0.1,0.566723892596201,0.9849562351483928,0.1728039780858761,1
32,delta+0.30_seed000,0,0.3,5,-0.05,0.5597176133742323,0.9955445265694104,0.0942926063786993,1
32,delta+0.30_seed000,0,0.3,6,0.0,0.5572524321178207,0.999999073960957,0.0013609104410837,1
32,delta+0.30_seed000,0,0.3,7,0.0499999999999999,0.5595815222040983,0.9964065046035478,-0.0846999267044543,1
32,delta+0.30_seed000,0,0.3,8,0.0999999999999999,0.5657529714371776,0.989035437936612,-0.1476783752129413,1
32,delta+0.30_seed000,0,0.3,9,0.1499999999999999,0.5745130776922451,0.9822691644074576,-0.1874761015550391,1
32,delta+0.30_seed000,0,0.3,10,0.1999999999999999,0.5848389926977688,0.97793050841454,-0.2089304207435564,1
32,delta+0.30_seed000,0,0.3,11,0.2499999999999999,0.595877624451532,0.9751556984308732,-0.2215205719968152,1
32,delta+0.30_seed000,0,0.3,12,0.3,0.6075554237613687,0.9737932093741808,-0.2274352333670692,1
33,delta+0.30_seed001,1,0.3,0,-0.3,0.6235976886673598,0.9583665041075854,0.2855409669462607,1
33,delta+0.30_seed001,1,0.3,1,-0.25,0.6087004147266271,0.9593836041001674,0.2821047680982604,1
33,delta+0.30_seed001,1,0.3,2,-0.2,0.5941928951215232,0.9627851604398676,0.2702678945727335,1
33,delta+0.30_seed001,1,0.3,3,-0.15,0.5806289502215805,0.9694177109871664,0.2454165879161444,1
33,delta+0.30_seed001,1,0.3,4,-0.1,0.5688770188862691,0.9801912751204048,0.1980531852251672,1
33,delta+0.30_seed001,1,0.3,5,-0.05,0.560423385220929,0.9933111634928732,0.115468318080912,1
33,delta+0.30_seed001,1,0.3,6,0.0,0.5572524321178207,0.9999999681788326,0.0002522743226786,1
33,delta+0.30_seed001,1,0.3,7,0.0499999999999999,0.5603981577878585,0.993512036148576,-0.1137270153829351,1
33,delta+0.30_seed001,1,0.3,8,0.0999999999999999,0.5686994011775823,0.9810721970881344,-0.1936423096863407,1
33,delta+0.30_seed001,1,0.3,9,0.1499999999999999,0.5801359824108658,0.9712501161941668,-0.2380613614025129,1
33,delta+0.30_seed001,1,0.3,10,0.1999999999999999,0.593210220526089,0.9659962277258382,-0.2585561602813801,1
33,delta+0.30_seed001,1,0.3,11,0.2499999999999999,0.606901734994608,0.964572534800158,-0.2638177877043134,1
33,delta+0.30_seed001,1,0.3,12,0.3,0.6205609669123078,0.9646517372857076,-0.2635280359879497,1
34,delta+0.30_seed002,2,0.3,0,-0.3,0.6221775294543477,0.9587640356386098,0.2842033144880028,1
34,delta+0.30_seed002,2,0.3,1,-0.25,0.6073561915691243,0.9596375099655188,0.2812398433138141,1
34,delta+0.30_seed002,2,0.3,2,-0.2,0.5928706463455455,0.9631614585863948,0.26892378975042,1
34,delta+0.30_seed002,2,0.3,3,-0.15,0.5794352456723573,0.970529436568978,0.2409825984445801,1
34,delta+0.30_seed002,2,0.3,4,-0.1,0.5680406319879694,0.9818482601300232,0.1896681156115763,1
34,delta+0.30_seed002,2,0.3,5,-0.05,0.5601177886564983,0.9942310452166734,0.107259632329042,1
34,delta+0.30_seed002,2,0.3,6,0.0,0.5572524321178207,0.9999989549089674,0.0014457458189167,1
34,delta+0.30_seed002,2,0.3,7,0.0499999999999999,0.559973213923513,0.9952717063751422,-0.0971299669984126,1
34,delta+0.30_seed002,2,0.3,8,0.0999999999999999,0.5670115729008103,0.9866190407701552,-0.1630425355230312,1
34,delta+0.30_seed002,2,0.3,9,0.1499999999999999,0.5764985928981332,0.9803699030909228,-0.1971670690391643,1
34,delta+0.30_seed002,2,0.3,10,0.1999999999999999,0.5871230704506161,0.9773941028355234,-0.2114255607592003,1
34,delta+0.30_seed002,2,0.3,11,0.2499999999999999,0.598130149723147,0.9769496572264512,-0.2134698274818235,1
34,delta+0.30_seed002,2,0.3,12,0.3,0.6089737181173405,0.9772817205537194,-0.2119444235443854,1
35,delta+0.30_seed003,3,0.3,0,-0.3,0.6055504055257188,0.9798806630607282,0.1995842833483326,1
35,delta+0.30_seed003,3,0.3,1,-0.25,0.5953662937827175,0.980236599229981,0.1978287378770881,1
35,delta+0.30_seed003,3,0.3,2,-0.2,0.5853686720511178,0.9813746423051364,0.192103647650078,1
35,delta+0.30_seed003,3,0.3,3,-0.15,0.5757913384732092,0.9835548499081828,0.1806096819721792,1
35,delta+0.30_seed003,3,0.3,4,-0.1,0.5670057223906042,0.9878752720795652,0.1552496274189573,1
35,delta+0.30_seed003,3,0.3,5,-0.05,0.560075829460402,0.9952773337232936,0.0970722873772519,1
35,delta+0.30_seed003,3,0.3,6,0.0,0.5572524321178207,0.9999999082375046,0.0004283981586724,1
35,delta+0.30_seed003,3,0.3,7,0.0499999999999999,0.5600329896406038,0.995488779605964,-0.0948793427392303,1
35,delta+0.30_seed003,3,0.3,8,0.0999999999999999,0.5667833625193452,0.9881972376242684,-0.1531868778706757,1
35,delta+0.30_seed003,3,0.3,9,0.1499999999999999,0.5755346397199901,0.9829590496167888,-0.1838246631343544,1
35,delta+0.30_seed003,3,0.3,10,0.1999999999999999,0.5854845142312115,0.9792137062697884,-0.2028312536405187,1
35,delta+0.30_seed003,3,0.3,11,0.2499999999999999,0.596248325848137,0.9766025678100192,-0.2150521437858192,1
35,delta+0.30_seed003,3,0.3,12,0.3,0.6075049502687762,0.9755820676774274,-0.2196352185471066,1
36,delta+0.30_seed004,4,0.3,0,-0.3,0.6089535796927521,0.9766918481714248,0.2146462990957129,1
36,delta+0.30_seed004,4,0.3,1,-0.25,0.59796514462505,0.9770052793427724,0.2132151123545211,1
36,delta+0.30_seed004,4,0.3,2,-0.2,0.5871302470186492,0.978238104974249,0.2074854452157795,1
36,delta+0.30_seed004,4,0.3,3,-0.15,0.5767550277669216,0.9810674396636432,0.1936664112122275,1
36,delta+0.30_seed004,4,0.3,4,-0.1,0.5673898700188147,0.9865346816598652,0.1635521992584271,1
36,delta+0.30_seed004,4,0.3,5,-0.05,0.5601765736792004,0.9949008859505992,0.1008574594896799,1
36,delta+0.30_seed004,4,0.3,6,0.0,0.5572524321178207,0.9999986022801534,-0.0016719562613776,1
36,delta+0.30_seed004,4,0.3,7,0.0499999999999999,0.5603437695390312,0.9937123859545836,-0.1119629135046448,1
36,delta+0.30_seed004,4,0.3,8,0.0999999999999999,0.5685195668629603,0.9818024253997804,-0.189905232890273,1
36,delta+0.30_seed004,4,0.3,9,0.1499999999999999,0.5796862795978086,0.97289239791498,-0.2312582584022459,1
36,delta+0.30_seed004,4,0.3,10,0.1999999999999999,0.592289745240123,0.9686349275983104,-0.2484881828912917,1
36,delta+0.30_seed004,4,0.3,11,0.2499999999999999,0.605339719899348,0.968363057200413,-0.2495455658781966,1
36,delta+0.30_seed004,4,0.3,12,0.3,0.6180595806363272,0.969131508267885,-0.2465443564197213,1
37,delta+0.30_seed005,5,0.3,0,-0.3,0.61734656583576,0.965660125677284,0.2598086251011152,1
37,delta+0.30_seed005,5,0.3,1,-0.25,0.603894181389478,0.966592475061014,0.2563181366103912,1
37,delta+0.30_seed005,5,0.3,2,-0.2,0.5908288612990873,0.9695945377069608,0.2447170456850634,1
37,delta+0.30_seed005,5,0.3,3,-0.15,0.5786550699704094,0.9751030610768532,0.2217521595803536,1
37,delta+0.30_seed005,5,0.3,4,-0.1,0.568087453910266,0.9835787856971616,0.1804792850343129,1
37,delta+0.30_seed005,5,0.3,5,-0.05,0.5603058245760622,0.9941812979746903,0.1077197602919726,1
37,delta+0.30_seed005,5,0.3,6,0.0,0.5572524321178207,0.9999982712920282,-0.00185941199174,1
37,delta+0.30_seed005,5,0.3,7,0.0499999999999999,0.5604917660966748,0.9927592678866975,-0.1201209225117262,1
37,delta+0.30_seed005,5,0.3,8,0.0999999999999999,0.5693521350767696,0.9776642570811876,-0.2101727870726589,1
37,delta+0.30_seed005,5,0.3,9,0.1499999999999999,0.5819892060972052,0.9642307425987664,-0.2650642847073727,1
37,delta+0.30_seed005,5,0.3,10,0.1999999999999999,0.596841850245255,0.9554280080663048,-0.2952241883763133,1
37,delta+0.30_seed005,5,0.3,11,0.2499999999999999,0.6128888851817464,0.9506302075252214,-0.310325971424492,1
37,delta+0.30_seed005,5,0.3,12,0.3,0.629486086560064,0.9490781237421848,-0.3150408148700962,1
38,delta+0.30_seed006,6,0.3,0,-0.3,0.6284752345673041,0.9528690403032772,0.3033819243651668,1
38,delta+0.30_seed006,6,0.3,1,-0.25,0.6125558421044843,0.9535404899538568,0.301264890119242,1
38,delta+0.30_seed006,6,0.3,2,-0.2,0.596880887678708,0.956882054901122,0.290476734022204,1
38,delta+0.30_seed006,6,0.3,3,-0.15,0.5821992550481809,0.964640608553999,0.263568769638154,1
38,delta+0.30_seed006,6,0.3,4,-0.1,0.5695578860031674,0.9774144487167836,0.2113314823675494,1
38,delta+0.30_seed006,6,0.3,5,-0.05,0.5605777737364406,0.9925137042273088,0.1221333161794364,1
38,delta+0.30_seed006,6,0.3,6,0.0,0.5572524321178207,0.9999998552824038,0.0005379917951326,1
38,delta+0.30_seed006,6,0.3,7,0.0499999999999999,0.5605239745491417,0.9929601726280932,-0.1184487044014721,1
38,delta+0.30_seed006,6,0.3,8,0.0999999999999999,0.5691812795848818,0.9794972794575776,-0.2014573888821261,1
38,delta+0.30_seed006,6,0.3,9,0.1499999999999999,0.5810914016474271,0.969198443238514,-0.2462810947353473,1
38,delta+0.30_seed006,6,0.3,10,0.1999999999999999,0.5945920813101111,0.9639037941194184,-0.2662507759278638,1
38,delta+0.30_seed006,6,0.3,11,0.2499999999999999,0.6087135333946208,0.9621681149813714,-0.2724564525079088,1
38,delta+0.30_seed006,6,0.3,12,0.3,0.6229090093256673,0.9619812140826628,-0.2731156234125869,1
39,delta+0.30_seed007,7,0.3,0,-0.3,0.6245890898426296,0.9537332895753128,0.3006539744554408,1
39,delta+0.30_seed007,7,0.3,1,-0.25,0.6088271374319447,0.9555906979273564,0.2946971632620639,1
39,delta+0.30_seed007,7,0.3,2,-0.2,0.5937498232087819,0.9607635845998986,0.277368589618135,1
39,delta+0.30_seed007,7,0.3,3,-0.15,0.5799575389100937,0.9691753901640962,0.2463717985084165,1
39,delta+0.30_seed007,7,0.3,4,-0.1,0.5683290581946494,0.9810703622415424,0.1936516055478199,1
39,delta+0.30_seed007,7,0.3,5,-0.05,0.5602187298500212,0.9939212963570796,0.1100929454954411,1
39,delta+0.30_seed007,7,0.3,6,0.0,0.5572524321178207,0.9999998439913452,0.0005585850741999,1
39,delta+0.30_seed007,7,0.3,7,0.0499999999999999,0.5601628713338869,0.9943407724075964,-0.1062376031726264,1
39,delta+0.30_seed007,7,0.3,8,0.0999999999999999,0.5679366568947444,0.9829975598433472,-0.1836186192683773,1
39,delta+0.30_seed007,7,0.3,9,0.1499999999999999,0.5788423296326073,0.9732323238880782,-0.2298235056285818,1
39,delta+0.30_seed007,7,0.3,10,0.1999999999999999,0.5915511115308618,0.9669136000661924,-0.2551040768138278,1
39,delta+0.30_seed007,7,0.3,11,0.2499999999999999,0.605225666964543,0.9637287222033146,-0.2668837762029876,1
39,delta+0.30_seed007,7,0.3,12,0.3,0.6192439435544657,0.9628725799914328,-0.2699562829434455,1
