condition_index,condition_id,seed,delta,estimator,median_angle_after_start,p90_angle_after_start,coverage_after_start
0,delta-0.30_seed000,0,-0.3,pullback_G,0.1452558793390707,0.25365688444593343,1.0
0,delta-0.30_seed000,0,-0.3,same_point_overlap_gradient,0.1452547717871471,0.25363683639641904,1.0
0,delta-0.30_seed000,0,-0.3,same_point_energy_hessian,0.1452531596633466,0.2536368328905248,1.0
0,delta-0.30_seed000,0,-0.3,instantaneous_strain_S0,4.983903818614306,6.92842181329183,1.0
0,delta-0.30_seed000,0,-0.3,time_varying_strain_St,0.1452563783102724,0.25367860645682616,1.0
1,delta-0.30_seed001,1,-0.3,pullback_G,0.166130805047097,0.3685266956317762,1.0
1,delta-0.30_seed001,1,-0.3,same_point_overlap_gradient,0.1661295032692405,0.3684712999510741,1.0
1,delta-0.30_seed001,1,-0.3,same_point_energy_hessian,0.1661154304690826,0.36847128120739336,1.0
1,delta-0.30_seed001,1,-0.3,instantaneous_strain_S0,5.885669581123376,8.22192687207678,1.0
1,delta-0.30_seed001,1,-0.3,time_varying_strain_St,0.1661345794267302,0.3685334460701612,1.0
2,delta-0.30_seed002,2,-0.3,pullback_G,0.1770106165901074,0.3254264650253596,1.0
2,delta-0.30_seed002,2,-0.3,same_point_overlap_gradient,0.1770088051033967,0.33062559913537987,1.0
2,delta-0.30_seed002,2,-0.3,same_point_energy_hessian,0.1770037002759383,0.3120078898727183,1.0
2,delta-0.30_seed002,2,-0.3,instantaneous_strain_S0,5.635819178790754,7.721144042820459,1.0
2,delta-0.30_seed002,2,-0.3,time_varying_strain_St,0.1770129994226411,0.31213413209106966,1.0
3,delta-0.30_seed003,3,-0.3,pullback_G,0.0872358450336883,0.49231150499617093,1.0
3,delta-0.30_seed003,3,-0.3,same_point_overlap_gradient,0.0872334562386615,0.49230796908687546,1.0
3,delta-0.30_seed003,3,-0.3,same_point_energy_hessian,0.0872308622932727,0.4923079615001457,1.0
3,delta-0.30_seed003,3,-0.3,instantaneous_strain_S0,4.720180696567237,5.737472487710872,1.0
3,delta-0.30_seed003,3,-0.3,time_varying_strain_St,0.0872346154531963,0.49235952704370456,1.0
4,delta-0.30_seed004,4,-0.3,pullback_G,0.1513929470475622,0.4286853493279497,1.0
4,delta-0.30_seed004,4,-0.3,same_point_overlap_gradient,0.1513896359175627,0.42907691318304736,1.0
4,delta-0.30_seed004,4,-0.3,same_point_energy_hessian,0.1513871132182269,0.3897160152164314,1.0
4,delta-0.30_seed004,4,-0.3,instantaneous_strain_S0,5.646741736571518,7.465510429624165,1.0
4,delta-0.30_seed004,4,-0.3,time_varying_strain_St,0.151393006339692,0.38991826199360974,1.0
5,delta-0.30_seed005,5,-0.3,pullback_G,0.1408220479145086,0.33606575083443685,1.0
5,delta-0.30_seed005,5,-0.3,same_point_overlap_gradient,0.140817001826339,0.3359699993536706,1.0
5,delta-0.30_seed005,5,-0.3,same_point_energy_hessian,0.1408068871138264,0.33596998544324674,1.0
5,delta-0.30_seed005,5,-0.3,instantaneous_strain_S0,6.137730565406018,8.398351517082022,1.0
5,delta-0.30_seed005,5,-0.3,time_varying_strain_St,0.1408246780954417,0.3361014527583905,1.0
6,delta-0.30_seed006,6,-0.3,pullback_G,0.2239200161460665,0.37562894427739396,1.0
6,delta-0.30_seed006,6,-0.3,same_point_overlap_gradient,0.2239176924996548,0.37554105669442195,1.0
6,delta-0.30_seed006,6,-0.3,same_point_energy_hessian,0.2238832724918306,0.3755410185831664,1.0
6,delta-0.30_seed006,6,-0.3,instantaneous_strain_S0,6.3256263854765,9.292143182130811,1.0
6,delta-0.30_seed006,6,-0.3,time_varying_strain_St,0.2239268198029958,0.3757208838596627,1.0
7,delta-0.30_seed007,7,-0.3,pullback_G,0.1341678509206696,0.29914194887677775,1.0
7,delta-0.30_seed007,7,-0.3,same_point_overlap_gradient,0.1341635552675831,0.2990903578183443,1.0
7,delta-0.30_seed007,7,-0.3,same_point_energy_hessian,0.134160954990604,0.29909033671980045,1.0
7,delta-0.30_seed007,7,-0.3,instantaneous_strain_S0,5.717483047604219,7.798230024821434,1.0
7,delta-0.30_seed007,7,-0.3,time_varying_strain_St,0.1341692135980693,0.30010238601275996,1.0
8,delta-0.15_seed000,0,-0.15,pullback_G,0.0744706826976694,0.1536847522128099,1.0
8,delta-0.15_seed000,0,-0.15,same_point_overlap_gradient,0.074472254886759,0.15368475151416255,1.0
8,delta-0.15_seed000,0,-0.15,same_point_energy_hessian,0.0744729808299438,0.15368475218814617,1.0
8,delta-0.15_seed000,0,-0.15,instantaneous_strain_S0,2.0848711796690105,4.037138017909631,1.0
8,delta-0.15_seed000,0,-0.15,time_varying_strain_St,0.0744705629249691,0.15368475286070676,1.0
9,delta-0.15_seed001,1,-0.15,pullback_G,0.079618804044842,0.20463728466715533,1.0
9,delta-0.15_seed001,1,-0.15,same_point_overlap_gradient,0.0796188111264238,0.2046372819297096,1.0
9,delta-0.15_seed001,1,-0.15,same_point_energy_hessian,0.0796187187774201,0.20463727714372104,1.0
9,delta-0.15_seed001,1,-0.15,instantaneous_strain_S0,3.07492664957178,4.127503605424703,1.0
9,delta-0.15_seed001,1,-0.15,time_varying_strain_St,0.0796186140549669,0.20463728813696136,1.0
10,delta-0.15_seed002,2,-0.15,pullback_G,0.1106896285899074,0.20780720402732333,1.0
10,delta-0.15_seed002,2,-0.15,same_point_overlap_gradient,0.1106895939377928,0.2078071757122438,1.0
10,delta-0.15_seed002,2,-0.15,same_point_energy_hessian,0.1106896052152068,0.20780717059973022,1.0
10,delta-0.15_seed002,2,-0.15,instantaneous_strain_S0,2.334261681985662,4.738017228502056,1.0
10,delta-0.15_seed002,2,-0.15,time_varying_strain_St,0.1106896290245405,0.20780721335331817,1.0
11,delta-0.15_seed003,3,-0.15,pullback_G,0.0486880603132573,0.21632685356463235,1.0
11,delta-0.15_seed003,3,-0.15,same_point_overlap_gradient,0.0486880563458301,0.2163268521500816,1.0
11,delta-0.15_seed003,3,-0.15,same_point_energy_hessian,0.0486867007244162,0.21632685264776894,1.0
11,delta-0.15_seed003,3,-0.15,instantaneous_strain_S0,2.319683385821384,3.087421230422643,1.0
11,delta-0.15_seed003,3,-0.15,time_varying_strain_St,0.0486880603057716,0.21632685824565628,1.0
12,delta-0.15_seed004,4,-0.15,pullback_G,0.1074088246848193,0.24484350857074932,1.0
12,delta-0.15_seed004,4,-0.15,same_point_overlap_gradient,0.1073665277142147,0.2448434901815943,1.0
12,delta-0.15_seed004,4,-0.15,same_point_energy_hessian,0.1073477215125407,0.24484349214352494,1.0
12,delta-0.15_seed004,4,-0.15,instantaneous_strain_S0,2.403170667214754,4.146915212582641,1.0
12,delta-0.15_seed004,4,-0.15,time_varying_strain_St,0.107352808785366,0.244843517625401,1.0
13,delta-0.15_seed005,5,-0.15,pullback_G,0.0824181560866618,0.2299998916517281,1.0
13,delta-0.15_seed005,5,-0.15,same_point_overlap_gradient,0.0824181530309611,0.22999988133797764,1.0
13,delta-0.15_seed005,5,-0.15,same_point_energy_hessian,0.0824180539793242,0.2299998813072357,1.0
13,delta-0.15_seed005,5,-0.15,instantaneous_strain_S0,2.608517973482047,4.91066121318422,1.0
13,delta-0.15_seed005,5,-0.15,time_varying_strain_St,0.0824181558345996,0.22999992310481357,1.0
14,delta-0.15_seed006,6,-0.15,pullback_G,0.1043478566639409,0.2538332436307299,1.0
14,delta-0.15_seed006,6,-0.15,same_point_overlap_gradient,0.1043478497237713,0.25287991785606384,1.0
14,delta-0.15_seed006,6,-0.15,same_point_energy_hessian,0.1043477781320704,0.24693525138725736,1.0
14,delta-0.15_seed006,6,-0.15,instantaneous_strain_S0,3.289024738233531,4.973514169823514,1.0
14,delta-0.15_seed006,6,-0.15,time_varying_strain_St,0.1043478546066889,0.24717934909914838,1.0
15,delta-0.15_seed007,7,-0.15,pullback_G,0.0779994378816946,0.16285926324388625,1.0
15,delta-0.15_seed007,7,-0.15,same_point_overlap_gradient,0.0779994216068191,0.16285926950870575,1.0
15,delta-0.15_seed007,7,-0.15,same_point_energy_hessian,0.0779993715719523,0.1628592709378383,1.0
15,delta-0.15_seed007,7,-0.15,instantaneous_strain_S0,2.9105139701412748,4.3464692649404935,1.0
15,delta-0.15_seed007,7,-0.15,time_varying_strain_St,0.0779994407880889,0.16285920383125674,1.0
16,delta+0.00_seed000,0,0.0,pullback_G,0.0466100422152131,0.0552640971861972,1.0
16,delta+0.00_seed000,0,0.0,same_point_overlap_gradient,0.0466100419571714,0.0552640971861972,1.0
16,delta+0.00_seed000,0,0.0,same_point_energy_hessian,0.0466100387511979,0.0552640917717308,1.0
16,delta+0.00_seed000,0,0.0,instantaneous_strain_S0,0.6629214009677556,1.0676711819545766,1.0
16,delta+0.00_seed000,0,0.0,time_varying_strain_St,0.0466100031961557,0.05526902866459886,1.0
17,delta+0.00_seed001,1,0.0,pullback_G,0.0053066353027575,0.0174537948249129,1.0
17,delta+0.00_seed001,1,0.0,same_point_overlap_gradient,0.0053066282972966,0.0174537948249129,1.0
17,delta+0.00_seed001,1,0.0,same_point_energy_hessian,0.0053058739198768,0.0174537934258396,1.0
17,delta+0.00_seed001,1,0.0,instantaneous_strain_S0,0.0556737784730006,0.0950736855817377,1.0
17,delta+0.00_seed001,1,0.0,time_varying_strain_St,0.0053066821429543,0.01745544938219094,1.0
18,delta+0.00_seed002,2,0.0,pullback_G,0.064766672661519,0.13723372361531197,1.0
18,delta+0.00_seed002,2,0.0,same_point_overlap_gradient,0.0647680492488713,0.1370399792498029,1.0
18,delta+0.00_seed002,2,0.0,same_point_energy_hessian,0.0647724900513384,0.13409743923676673,1.0
18,delta+0.00_seed002,2,0.0,instantaneous_strain_S0,0.7759321235207287,1.526343361010814,1.0
18,delta+0.00_seed002,2,0.0,time_varying_strain_St,0.0647739508933861,0.1338573961511632,1.0
19,delta+0.00_seed003,3,0.0,pullback_G,0.0324667571323716,0.1327018672806483,1.0
19,delta+0.00_seed003,3,0.0,same_point_overlap_gradient,0.0324667571323716,0.1327018672312114,1.0
19,delta+0.00_seed003,3,0.0,same_point_energy_hessian,0.0324667571323716,0.1327018633119627,1.0
19,delta+0.00_seed003,3,0.0,instantaneous_strain_S0,0.0819744829338636,0.454924017110845,1.0
19,delta+0.00_seed003,3,0.0,time_varying_strain_St,0.0324667571323716,0.1327018670444497,1.0
20,delta+0.00_seed004,4,0.0,pullback_G,0.0487674923802958,0.11202560461021771,1.0
20,delta+0.00_seed004,4,0.0,same_point_overlap_gradient,0.0487673703898984,0.11180173942013395,1.0
20,delta+0.00_seed004,4,0.0,same_point_energy_hessian,0.0487672381454759,0.10836816414659538,1.0
20,delta+0.00_seed004,4,0.0,instantaneous_strain_S0,0.6508325455241518,0.7718293213921466,1.0
20,delta+0.00_seed004,4,0.0,time_varying_strain_St,0.0487726848241972,0.1083292351492229,1.0
21,delta+0.00_seed005,5,0.0,pullback_G,0.0476683728391648,0.0822876339175942,1.0
21,delta+0.00_seed005,5,0.0,same_point_overlap_gradient,0.0476683728468106,0.0822876339175942,1.0
21,delta+0.00_seed005,5,0.0,same_point_energy_hessian,0.0476683695743909,0.0822876393255947,1.0
21,delta+0.00_seed005,5,0.0,instantaneous_strain_S0,0.7864258886497397,1.1199118193074988,1.0
21,delta+0.00_seed005,5,0.0,time_varying_strain_St,0.047667229122437,0.0822953279674801,1.0
22,delta+0.00_seed006,6,0.0,pullback_G,0.038004291431281,0.1380030041887266,1.0
22,delta+0.00_seed006,6,0.0,same_point_overlap_gradient,0.0380034001941687,0.138003253929321,1.0
22,delta+0.00_seed006,6,0.0,same_point_energy_hessian,0.0380131591722453,0.13800546978420733,1.0
22,delta+0.00_seed006,6,0.0,instantaneous_strain_S0,0.373448233042231,1.0459221803110452,1.0
22,delta+0.00_seed006,6,0.0,time_varying_strain_St,0.0380164884674309,0.1380059887725438,1.0
23,delta+0.00_seed007,7,0.0,pullback_G,0.0192080379584051,0.1543501330515423,1.0
23,delta+0.00_seed007,7,0.0,same_point_overlap_gradient,0.0192126319362583,0.1543504077102115,1.0
23,delta+0.00_seed007,7,0.0,same_point_energy_hessian,0.0192174920382637,0.1543528372653941,1.0
23,delta+0.00_seed007,7,0.0,instantaneous_strain_S0,0.3102269789422431,0.6081156691815236,1.0
23,delta+0.00_seed007,7,0.0,time_varying_strain_St,0.0192208792196123,0.1543533532777365,1.0
24,delta+0.15_seed000,0,0.15,pullback_G,0.0942224240358204,0.15478796955542484,1.0
24,delta+0.15_seed000,0,0.15,same_point_overlap_gradient,0.0942246563361063,0.15478796919469873,1.0
24,delta+0.15_seed000,0,0.15,same_point_energy_hessian,0.0942296812793057,0.15478796695593633,1.0
24,delta+0.15_seed000,0,0.15,instantaneous_strain_S0,2.0649443165567543,4.468093334493915,1.0
24,delta+0.15_seed000,0,0.15,time_varying_strain_St,0.0942279372214364,0.15478797024815083,1.0
25,delta+0.15_seed001,1,0.15,pullback_G,0.0802971903914102,0.2036958179699024,1.0
25,delta+0.15_seed001,1,0.15,same_point_overlap_gradient,0.0802971999958254,0.20369581094239106,1.0
25,delta+0.15_seed001,1,0.15,same_point_energy_hessian,0.0802971109506884,0.20369581174648607,1.0
25,delta+0.15_seed001,1,0.15,instantaneous_strain_S0,3.073199509880105,4.0105156389897525,1.0
25,delta+0.15_seed001,1,0.15,time_varying_strain_St,0.0802969464770072,0.20369582778365444,1.0
26,delta+0.15_seed002,2,0.15,pullback_G,0.1106349488038539,0.20779143101811287,1.0
26,delta+0.15_seed002,2,0.15,same_point_overlap_gradient,0.1106349229798166,0.2077914043689351,1.0
26,delta+0.15_seed002,2,0.15,same_point_energy_hessian,0.1106349111763287,0.2077914057265289,1.0
26,delta+0.15_seed002,2,0.15,instantaneous_strain_S0,2.3344138863280013,4.7475577065604355,1.0
26,delta+0.15_seed002,2,0.15,time_varying_strain_St,0.1106349493770624,0.2077914335694766,1.0
27,delta+0.15_seed003,3,0.15,pullback_G,0.0482672724132221,0.21630273384388726,1.0
27,delta+0.15_seed003,3,0.15,same_point_overlap_gradient,0.0482672684489623,0.21630273234088593,1.0
27,delta+0.15_seed003,3,0.15,same_point_energy_hessian,0.0482669269777267,0.21630273393959407,1.0
27,delta+0.15_seed003,3,0.15,instantaneous_strain_S0,2.3197164453987753,3.0777375209916005,1.0
27,delta+0.15_seed003,3,0.15,time_varying_strain_St,0.0482672723981202,0.2163027384425322,1.0
28,delta+0.15_seed004,4,0.15,pullback_G,0.0923420251884667,0.25840662935911535,1.0
28,delta+0.15_seed004,4,0.15,same_point_overlap_gradient,0.0923420185616188,0.2584066284090459,1.0
28,delta+0.15_seed004,4,0.15,same_point_energy_hessian,0.0923419761876716,0.2584066276251257,1.0
28,delta+0.15_seed004,4,0.15,instantaneous_strain_S0,2.400785376590547,4.292141528621007,1.0
28,delta+0.15_seed004,4,0.15,time_varying_strain_St,0.0923420251884667,0.25840663396023894,1.0
29,delta+0.15_seed005,5,0.15,pullback_G,0.0809558819472495,0.22987287657569155,1.0
29,delta+0.15_seed005,5,0.15,same_point_overlap_gradient,0.0809558789894236,0.22987286688220157,1.0
29,delta+0.15_seed005,5,0.15,same_point_energy_hessian,0.0809557761137403,0.22987286517651007,1.0
29,delta+0.15_seed005,5,0.15,instantaneous_strain_S0,2.6115648793999218,4.892075844540122,1.0
29,delta+0.15_seed005,5,0.15,time_varying_strain_St,0.080955881555574,0.22987290871048477,1.0
30,delta+0.15_seed006,6,0.15,pullback_G,0.1018381846748468,0.22214385749613433,1.0
30,delta+0.15_seed006,6,0.15,same_point_overlap_gradient,0.1018381812785058,0.22214384003280055,1.0
30,delta+0.15_seed006,6,0.15,same_point_energy_hessian,0.1018380681792106,0.22214384083246508,1.0
30,delta+0.15_seed006,6,0.15,instantaneous_strain_S0,3.27631659239172,5.029926093672653,1.0
30,delta+0.15_seed006,6,0.15,time_varying_strain_St,0.1018381845603232,0.22214385728317484,1.0
31,delta+0.15_seed007,7,0.15,pullback_G,0.0803359580126298,0.2074084993529374,1.0
31,delta+0.15_seed007,7,0.15,same_point_overlap_gradient,0.0803359536890988,0.2074084978821316,1.0
31,delta+0.15_seed007,7,0.15,same_point_energy_hessian,0.0803358929554868,0.20740849881030318,1.0
31,delta+0.15_seed007,7,0.15,instantaneous_strain_S0,2.922343562791451,4.290198410759662,1.0
31,delta+0.15_seed007,7,0.15,time_varying_strain_St,0.0803359589880328,0.20740850198527566,1.0
32,delta+0.30_seed000,0,0.3,pullback_G,0.1717015795349792,0.25621922941667985,1.0
32,delta+0.30_seed000,0,0.3,same_point_overlap_gradient,0.1706654601883044,0.25620718196552983,1.0
32,delta+0.30_seed000,0,0.3,same_point_energy_hessian,0.1716597894536672,0.2562071777209437,1.0
32,delta+0.30_seed000,0,0.3,instantaneous_strain_S0,4.795904247556622,7.430536785977825,1.0
32,delta+0.30_seed000,0,0.3,time_varying_strain_St,0.1718182435557394,0.25624844124676754,1.0
33,delta+0.30_seed001,1,0.3,pullback_G,0.1580207656333362,0.3663277344613609,1.0
33,delta+0.30_seed001,1,0.3,same_point_overlap_gradient,0.1580192965520213,0.36626201962759636,1.0
33,delta+0.30_seed001,1,0.3,same_point_energy_hessian,0.1580122161240707,0.3662620068144942,1.0
33,delta+0.30_seed001,1,0.3,instantaneous_strain_S0,5.888391860917066,7.974201335636311,1.0
33,delta+0.30_seed001,1,0.3,time_varying_strain_St,0.1580230418388162,0.36632503061958993,1.0
34,delta+0.30_seed002,2,0.3,pullback_G,0.1763949165821359,0.33619987317890465,1.0
34,delta+0.30_seed002,2,0.3,same_point_overlap_gradient,0.1763934637371887,0.3366960543059128,1.0
34,delta+0.30_seed002,2,0.3,same_point_energy_hessian,0.1763903026094344,0.31207103445997303,1.0
34,delta+0.30_seed002,2,0.3,instantaneous_strain_S0,5.637013668571731,7.74349709943444,1.0
34,delta+0.30_seed002,2,0.3,time_varying_strain_St,0.1763974526480841,0.31229265895328834,1.0
35,delta+0.30_seed003,3,0.3,pullback_G,0.0863175219271061,0.492255040864768,1.0
35,delta+0.30_seed003,3,0.3,same_point_overlap_gradient,0.0863131555568663,0.49225129481776997,1.0
35,delta+0.30_seed003,3,0.3,same_point_energy_hessian,0.0863100475835653,0.4922512869766494,1.0
35,delta+0.30_seed003,3,0.3,instantaneous_strain_S0,4.720108827856112,5.844818838723742,1.0
35,delta+0.30_seed003,3,0.3,time_varying_strain_St,0.0863151855166319,0.4923028624519414,1.0
36,delta+0.30_seed004,4,0.3,pullback_G,0.1480313408037591,0.451050144055133,1.0
36,delta+0.30_seed004,4,0.3,same_point_overlap_gradient,0.1480296338258984,0.4531311452423598,1.0
36,delta+0.30_seed004,4,0.3,same_point_energy_hessian,0.1480274241476387,0.4255596635535577,1.0
36,delta+0.30_seed004,4,0.3,instantaneous_strain_S0,5.602759589763657,7.811093592227146,1.0
36,delta+0.30_seed004,4,0.3,time_varying_strain_St,0.148032240068661,0.4259090207442978,1.0
37,delta+0.30_seed005,5,0.3,pullback_G,0.1378192390516802,0.3357877704655564,1.0
37,delta+0.30_seed005,5,0.3,same_point_overlap_gradient,0.1378128640094775,0.3356941662637802,1.0
37,delta+0.30_seed005,5,0.3,same_point_energy_hessian,0.1378063509358426,0.3356941487571263,1.0
37,delta+0.30_seed005,5,0.3,instantaneous_strain_S0,6.1438357662033685,8.363468540992809,1.0
37,delta+0.30_seed005,5,0.3,time_varying_strain_St,0.1378205950466177,0.33582565486437604,1.0
38,delta+0.30_seed006,6,0.3,pullback_G,0.1462778760945642,0.37342852799243986,1.0
38,delta+0.30_seed006,6,0.3,same_point_overlap_gradient,0.147063556983573,0.3733424354822056,1.0
38,delta+0.30_seed006,6,0.3,same_point_energy_hessian,0.1462393667526894,0.3733424003198419,1.0
38,delta+0.30_seed006,6,0.3,instantaneous_strain_S0,6.321920495282821,8.896500175960831,1.0
38,delta+0.30_seed006,6,0.3,time_varying_strain_St,0.1462640322813314,0.37347592997078616,1.0
39,delta+0.30_seed007,7,0.3,pullback_G,0.1805369924502826,0.30099645604187053,1.0
39,delta+0.30_seed007,7,0.3,same_point_overlap_gradient,0.1805089791038846,0.3009454976387155,1.0
39,delta+0.30_seed007,7,0.3,same_point_energy_hessian,0.1802305367802556,0.30094548143167715,1.0
39,delta+0.30_seed007,7,0.3,instantaneous_strain_S0,5.720469044581353,8.273134522118772,1.0
39,delta+0.30_seed007,7,0.3,time_varying_strain_St,0.1805405783093017,0.30114369406540875,1.0
