rho,method,alpha,median_first_ipr,p10_first_ipr,p90_first_ipr,correct_rate
0.1,softmax,0.05,99.99655958860441,99.9963256244998,99.99683190825566,
0.1,softmax,0.1,99.98599399078216,99.98504867445065,99.98706634799831,
0.1,softmax,0.15,99.96791364885263,99.96576490036082,99.97028652796075,
0.1,softmax,0.2,99.94189663407431,99.93803698003202,99.94604063746515,
0.1,softmax,0.25,99.9074864638323,99.90139229676144,99.9138394258061,0.0
0.1,softmax,0.3,99.86418983637301,99.85532063768413,99.87315368339222,
0.1,softmax,0.35,99.8114742905522,99.79927182077616,99.82341163242019,
0.1,softmax,0.4,99.7487658005317,99.73265326170072,99.76399623769052,
0.1,softmax,0.45,99.67544631823198,99.65482749474937,99.69424245145437,
0.1,softmax,0.5,99.59085127965929,99.56510966566798,99.61343441001735,0.0
0.1,softmax,0.6,99.38492864683036,99.34705735309473,99.41552105097165,
0.1,softmax,0.7,99.12244828717166,99.07288663804498,99.16369045672506,
0.1,softmax,0.75,98.9666490701313,98.91241698185962,99.01515599099174,0.0
0.1,softmax,0.8,98.79354057314791,98.7350739664592,98.85012424765642,
0.1,softmax,0.9,98.39053282352228,98.32556532632614,98.46640069929742,
0.1,softmax,1.0,97.9080313878975,97.83535221531518,98.00329517516262,0.0
0.1,softmax,1.1,97.34546458611183,97.25445028825851,97.44921872957504,
0.1,softmax,1.2,96.6834609911804,96.57191127163328,96.79201658941837,
0.1,softmax,1.3,95.91001930702667,95.77588032705758,96.0184249672819,
0.1,softmax,1.4,95.00443941500725,94.84589526149489,95.11407690684092,
0.1,softmax,1.5,93.94540606997225,93.73884926444072,94.0590294685113,0.0
0.1,softmax,1.6,92.72682987611046,92.4575595200305,92.85595546554326,
0.1,softmax,1.7,91.35185957035281,91.02258367023254,91.4907140550499,
0.1,softmax,1.8,89.78413621391309,89.39268482124982,89.95190408727125,
0.1,softmax,1.9,88.01796392372798,87.54573132542978,88.2085440939439,
0.1,softmax,2.0,86.02110870825402,85.47218592168522,86.2556507369804,0.0
0.1,softmax,2.25,80.05138779697941,79.28152569737263,80.45238777235608,
0.1,softmax,2.5,72.86327052859042,71.70659597367013,73.33382154612711,
0.1,softmax,2.75,64.56875573352761,63.01993804001085,65.18677605311936,
0.1,softmax,3.0,55.56176812311065,53.73155956713941,56.38064859848117,0.0
0.1,softmax,3.25,46.41815246575746,44.47088949017192,47.44260789552415,
0.1,softmax,3.5,37.78423638594434,35.87214594075918,38.91611422122666,
0.1,softmax,3.75,30.14988321142404,28.360212207278806,31.184050378438634,
0.1,softmax,4.0,23.70771698876277,22.13795862679321,24.595162709112433,0.0
0.1,softmax,4.5,14.379913703330875,13.308403025824827,14.97300640908445,
0.1,softmax,5.0,8.798400064782616,8.1300988023092,9.177432255658937,
0.1,softmax,5.5,5.606773637407732,5.199588547332872,5.842690931348702,
0.1,softmax,6.0,3.787972905888377,3.5388227571325896,3.9352588271313573,0.0
0.1,softmax,6.5,2.7331189858406164,2.57734371630394,2.8267478704875844,
0.1,softmax,7.0,2.1046800711272358,2.003691206402136,2.1657116537692307,
0.1,softmax,7.5,1.7194309421876337,1.652318553375127,1.7606295472065612,
0.1,softmax,8.0,1.4764353246269852,1.4305520834504208,1.5050962280026379,0.0
0.1,softmax,8.5,1.3198308963182255,1.2877486655320523,1.340348116110219,
0.1,softmax,9.0,1.2169139470520478,1.1942073428002118,1.2321220644552047,
0.1,softmax,9.5,1.1482690894804684,1.1320550111597703,1.159654566528877,
0.1,softmax,10.0,1.1019579191981015,1.0903072153733986,1.1105430934326777,
0.1,softmax,10.5,1.0704405259093708,1.0620589361225485,1.076947864885141,
0.1,softmax,11.0,1.0488473945004506,1.042830675983553,1.0538285626813835,
0.1,softmax,11.5,1.033976781035085,1.0296587918191276,1.0377953310296304,
0.1,softmax,12.0,1.0236938396441126,1.0206014008830506,1.0266233488993175,1.0
0.1,softmax,13.0,1.0115964738066694,1.0099873847892957,1.013314698742699,
0.1,softmax,14.0,1.0057168954762061,1.004871728402509,1.0066596770317877,
0.1,softmax,15.0,1.0028295258216717,1.0023919910415091,1.0033633279574958,
0.1,softmax,16.0,1.001412272223412,1.0011815948996312,1.0017112466829745,
0.1,softmax,17.0,1.0007145483523758,1.0005870415227685,1.000876221226823,
0.1,softmax,18.0,1.0003625538086003,1.0002932593557436,1.0004513652186469,
0.1,softmax,19.0,1.000184416008619,1.000147273574747,1.0002355922819446,
0.1,softmax,20.0,1.000094674743579,1.0000741044312724,1.0001238896530131,
0.1,softmax,21.0,1.0000489263350563,1.000037370323902,1.0000655827197562,
0.1,softmax,22.0,1.000025443284939,1.0000189125683565,1.000035057844894,
0.1,softmax,23.0,1.0000133003199314,1.0000095526755604,1.0000188486343262,
0.1,softmax,24.0,1.0000069874603308,1.0000048403882624,1.0000101886233403,
0.1,softmax,26.0,1.0000019576928625,1.0000012539749363,1.0000030212803586,
0.1,softmax,28.0,1.00000054734714,1.0000003284862633,1.0000009116384008,
0.1,softmax,30.0,1.0000001570400427,1.000000086926056,1.0000002792043816,
0.1,softmax,32.0,1.0000000459411473,1.000000023043042,1.0000000866011987,
0.1,softmax,36.0,1.0000000040348098,1.0000000016559016,1.000000008590158,
0.1,softmax,40.0,1.0000000003636036,1.00000000012475,1.0000000008789087,
0.1,softmax,48.0,1.0000000000029354,1.0000000000007574,1.0000000000097768,
0.1,sparsemax,0.05,74.92275878956514,73.51481214729787,76.40963774837675,
0.1,sparsemax,0.1,46.01573017394391,45.11449321270351,47.540938073764615,
0.1,sparsemax,0.15,30.8556145766728,29.99053677275845,31.812463741688912,
0.1,sparsemax,0.2,22.11273865165751,21.278549083482964,22.825211279346366,
0.1,sparsemax,0.25,16.54475652112162,15.849626832440752,17.16209484229979,0.0
0.1,sparsemax,0.3,12.987654911364718,12.350674795358538,13.450515982344948,
0.1,sparsemax,0.35,10.452255495713302,9.957798685441922,10.800122703005549,
0.1,sparsemax,0.4,8.590946292396017,8.240182573228454,8.880041210958277,
0.1,sparsemax,0.45,7.213223492762015,6.943717049554859,7.442577604254218,
0.1,sparsemax,0.5,6.164033107599701,5.9387774676005245,6.325226162818702,0.0
0.1,sparsemax,0.6,4.6503902514643,4.530736708039429,4.77117350515544,
0.1,sparsemax,0.7,3.6543606107914197,3.5619914927091587,3.7327065110731112,
0.1,sparsemax,0.75,3.269356741531587,3.180493941455771,3.3588578331139964,0.0
0.1,sparsemax,0.8,2.9519989526178607,2.871524088410655,3.0402273023505235,
0.1,sparsemax,0.9,2.440295959905363,2.3877962541832956,2.533794439746204,
0.1,sparsemax,1.0,2.0735799850193817,2.0194372634970588,2.1526944047378396,0.0
0.1,sparsemax,1.1,1.7918667401583765,1.7305464455406483,1.8705816971769675,
0.1,sparsemax,1.2,1.5716260669663882,1.5030976681981771,1.6415800290187186,
0.1,sparsemax,1.3,1.4031121280355692,1.3361298113048474,1.4679795928878332,
0.1,sparsemax,1.4,1.2759056849446324,1.1922607667559075,1.326484616570815,
0.1,sparsemax,1.5,1.1745930795399255,1.09422657463395,1.2151277341727549,1.0
0.1,sparsemax,1.6,1.0874490258269143,1.0253123998718359,1.1327433628318584,
0.1,sparsemax,1.7,1.017335182883137,1.0,1.0727778687182845,
0.1,sparsemax,1.8,1.0,1.0,1.0157470551766894,
0.1,sparsemax,1.9,1.0,1.0,1.0,
0.1,sparsemax,2.0,1.0,1.0,1.0,1.0
0.1,sparsemax,2.25,1.0,1.0,1.0,
0.1,sparsemax,2.5,1.0,1.0,1.0,
0.1,sparsemax,2.75,1.0,1.0,1.0,
0.1,sparsemax,3.0,1.0,1.0,1.0,1.0
0.1,sparsemax,3.25,1.0,1.0,1.0,
0.1,sparsemax,3.5,1.0,1.0,1.0,
0.1,sparsemax,3.75,1.0,1.0,1.0,
0.1,sparsemax,4.0,1.0,1.0,1.0,1.0
0.1,sparsemax,4.5,1.0,1.0,1.0,
0.1,sparsemax,5.0,1.0,1.0,1.0,
0.1,sparsemax,5.5,1.0,1.0,1.0,
0.1,sparsemax,6.0,1.0,1.0,1.0,1.0
0.1,sparsemax,6.5,1.0,1.0,1.0,
0.1,sparsemax,7.0,1.0,1.0,1.0,
0.1,sparsemax,7.5,1.0,1.0,1.0,
0.1,sparsemax,8.0,1.0,1.0,1.0,1.0
0.1,sparsemax,8.5,1.0,1.0,1.0,
0.1,sparsemax,9.0,1.0,1.0,1.0,
0.1,sparsemax,9.5,1.0,1.0,1.0,
0.1,sparsemax,10.0,1.0,1.0,1.0,
0.1,sparsemax,10.5,1.0,1.0,1.0,
0.1,sparsemax,11.0,1.0,1.0,1.0,
0.1,sparsemax,11.5,1.0,1.0,1.0,
0.1,sparsemax,12.0,1.0,1.0,1.0,1.0
0.1,sparsemax,13.0,1.0,1.0,1.0,
0.1,sparsemax,14.0,1.0,1.0,1.0,
0.1,sparsemax,15.0,1.0,1.0,1.0,
0.1,sparsemax,16.0,1.0,1.0,1.0,
0.1,sparsemax,17.0,1.0,1.0,1.0,
0.1,sparsemax,18.0,1.0,1.0,1.0,
0.1,sparsemax,19.0,1.0,1.0,1.0,
0.1,sparsemax,20.0,1.0,1.0,1.0,
0.1,sparsemax,21.0,1.0,1.0,1.0,
0.1,sparsemax,22.0,1.0,1.0,1.0,
0.1,sparsemax,23.0,1.0,1.0,1.0,
0.1,sparsemax,24.0,1.0,1.0,1.0,
0.1,sparsemax,26.0,1.0,1.0,1.0,
0.1,sparsemax,28.0,1.0,1.0,1.0,
0.1,sparsemax,30.0,1.0,1.0,1.0,
0.1,sparsemax,32.0,1.0,1.0,1.0,
0.1,sparsemax,36.0,1.0,1.0,1.0,
0.1,sparsemax,40.0,1.0,1.0,1.0,
0.1,sparsemax,48.0,1.0,1.0,1.0,
0.25,softmax,0.05,99.99746113645718,99.9972236542231,99.99777112271842,
0.25,softmax,0.1,99.98979063773896,99.98883992687524,99.99103368236572,
0.25,softmax,0.15,99.97691094962455,99.97476487223769,99.97970884086996,
0.25,softmax,0.2,99.9587388164494,99.95491192138623,99.96371414823291,
0.25,softmax,0.25,99.93519842873108,99.92919178749158,99.9429634014007,0.0
0.25,softmax,0.3,99.90625510721888,99.89751237115676,99.91736650125736,
0.25,softmax,0.35,99.87180160536826,99.85977866611056,99.88685265459323,
0.25,softmax,0.4,99.83175189695382,99.81589023266318,99.85132506333738,
0.25,softmax,0.45,99.78601580356982,99.76569417915283,99.81067987380203,
0.25,softmax,0.5,99.73449885620536,99.70911303856633,99.76481446630844,0.0
0.25,softmax,0.6,99.61372224375654,99.57634278074082,99.65699004507422,
0.25,softmax,0.7,99.46857528205688,99.41663916415047,99.52693899057984,
0.25,softmax,0.75,99.38657727202015,99.32629015143388,99.45327197824416,0.0
0.25,softmax,0.8,99.29813386583564,99.22866028379157,99.37367036531425,
0.25,softmax,0.9,99.10139244989475,99.01129041043056,99.19611082025988,
0.25,softmax,1.0,98.87599950324241,98.76343481828818,98.99310054529616,0.0
0.25,softmax,1.1,98.61940043442021,98.4838260445226,98.76338956215757,
0.25,softmax,1.2,98.33158965256096,98.17112694544979,98.50563448801392,
0.25,softmax,1.3,98.01104806017351,97.82393130758699,98.21839591843143,
0.25,softmax,1.4,97.65616980461039,97.44076548217757,97.89884302558207,
0.25,softmax,1.5,97.2652634533058,97.02009121747977,97.54544727756581,0.0
0.25,softmax,1.6,96.84073070672768,96.5603098755643,97.15685950798388,
0.25,softmax,1.7,96.38455672247768,96.05976823051131,96.7311252917198,
0.25,softmax,1.8,95.88964150495299,95.51676605168363,96.26619004666264,
0.25,softmax,1.9,95.3542007876138,94.92802409502949,95.75990527036492,
0.25,softmax,2.0,94.77278421341093,94.29260103311965,95.21003734442053,0.0
0.25,softmax,2.25,93.09749395314375,92.48805593240935,93.63726025287355,
0.25,softmax,2.5,91.09793244077522,90.32464917173296,91.73416084661922,
0.25,softmax,2.75,88.74054463563797,87.78304949996947,89.46585997797149,
0.25,softmax,3.0,85.91895087941629,84.81925111792705,86.80232991918585,0.0
0.25,softmax,3.25,82.65467101833846,81.41079917386955,83.75135306016433,
0.25,softmax,3.5,79.05322836415169,77.62030468993032,80.29412938627016,
0.25,softmax,3.75,75.18649644601082,73.42020503674388,76.44065005259297,
0.25,softmax,4.0,70.85731989017957,68.83993839245227,72.19512833746677,0.0
0.25,softmax,4.5,61.06078042167957,58.8059904316946,62.74926135476007,
0.25,softmax,5.0,50.778359937130546,48.81713867872952,52.75114043396905,
0.25,softmax,5.5,40.85806063466882,39.00296189744885,42.677485732460376,
0.25,softmax,6.0,31.81502227810234,30.22957454914992,33.49430371319979,0.0
0.25,softmax,6.5,24.46538420310028,22.865505717671386,25.67082346538115,
0.25,softmax,7.0,18.579165359238935,17.099222592990944,19.419632001921467,
0.25,softmax,7.5,14.049883138651674,12.733729165720362,14.628618171055507,
0.25,softmax,8.0,10.715850441308177,9.547150758217484,11.05047193548667,0.0
0.25,softmax,8.5,8.182245873946908,7.252621510625636,8.45390682115166,
0.25,softmax,9.0,6.3358629739811745,5.607943627612453,6.60763834339774,
0.25,softmax,9.5,4.995777851270124,4.434092730324041,5.268738317711531,
0.25,softmax,10.0,4.0195009988603,3.5913895323558003,4.281046215800914,
0.25,softmax,10.5,3.2967106530681063,2.9702847022154892,3.546300393294168,
0.25,softmax,11.0,2.7619721886933846,2.5111294808883917,2.9951871214089905,
0.25,softmax,11.5,2.363541218642396,2.1694256777542225,2.577957219228023,
0.25,softmax,12.0,2.063706927858254,1.9124270607305789,2.2590017267880977,1.0
0.25,softmax,13.0,1.6618331896107752,1.5688724283823212,1.8148975608500428,
0.25,softmax,14.0,1.4256034990507973,1.3616562275479112,1.5372610366893074,
0.25,softmax,15.0,1.2760095501448396,1.2339364150195267,1.361967140983765,
0.25,softmax,16.0,1.1836086019603214,1.1534627776977322,1.2503943670484605,
0.25,softmax,17.0,1.1228460030426386,1.101809586385325,1.1768643931180047,
0.25,softmax,18.0,1.0825771735089604,1.0681702888458318,1.126724415889774,
0.25,softmax,19.0,1.0559238843343772,1.0460067582821155,1.0919371694421265,
0.25,softmax,20.0,1.0384659730199335,1.031264008573153,1.067435035179523,
0.25,softmax,21.0,1.0264916380745555,1.0213776232349785,1.0491709243749718,
0.25,softmax,22.0,1.0182241594577452,1.014700749093261,1.0362683578046499,
0.25,softmax,23.0,1.012589069378245,1.010101593125889,1.0269849833999716,
0.25,softmax,24.0,1.0087297601715148,1.0069294863599352,1.0202095855732112,
0.25,softmax,26.0,1.00424229124507,1.0032888805673976,1.011533262736661,
0.25,softmax,28.0,1.0021218867370376,1.0015785606259393,1.0067135057786027,
0.25,softmax,30.0,1.001074597521838,1.00076519088106,1.0039727172693549,
0.25,softmax,32.0,1.0005502428625954,1.0003742049551516,1.0023831049593683,
0.25,softmax,36.0,1.0001483980416053,1.000091574289795,1.0008852826759909,
0.25,softmax,40.0,1.000041279829837,1.000023407114787,1.0003392282095287,
0.25,softmax,48.0,1.0000036523090539,1.0000017401288996,1.0000527365935676,
0.25,sparsemax,0.05,80.36359754784993,78.67940727539967,82.00292987744272,
0.25,sparsemax,0.1,55.824803475711384,53.07705685430329,57.702668537090574,
0.25,sparsemax,0.15,40.958361733791634,38.466025091753416,42.94228341710036,
0.25,sparsemax,0.2,32.075912620471264,29.850512826541106,33.52047887210274,
0.25,sparsemax,0.25,25.818432766826376,23.82737733434626,27.120049431106473,0.0
0.25,sparsemax,0.3,21.35756127482255,19.46554864624964,22.645427609972575,
0.25,sparsemax,0.35,18.14137488803091,16.421824232825564,19.193394805030554,
0.25,sparsemax,0.4,15.520293594466072,14.011268188698795,16.521894398897985,
0.25,sparsemax,0.45,13.47805432285536,12.251796314180684,14.413238818257755,
0.25,sparsemax,0.5,11.870061500568784,10.989954310496383,12.73271754412655,0.0
0.25,sparsemax,0.6,9.593383533540162,8.950260230972393,10.11432188961303,
0.25,sparsemax,0.7,7.929906722476147,7.393643822716078,8.2467453093867,
0.25,sparsemax,0.75,7.224968716810446,6.770468675701463,7.546306359477485,0.0
0.25,sparsemax,0.8,6.604330975418044,6.210926817078884,6.947447346180995,
0.25,sparsemax,0.9,5.605668178456842,5.336473545174118,5.899999780297838,
0.25,sparsemax,1.0,4.889398247119386,4.609385673430219,5.080754994733963,0.0
0.25,sparsemax,1.1,4.277499098410643,4.062658047820788,4.438305030989755,
0.25,sparsemax,1.2,3.786343148548103,3.6038805022671516,3.94661778387292,
0.25,sparsemax,1.3,3.383091246369846,3.21984695632809,3.5887349774506005,
0.25,sparsemax,1.4,3.070297966867587,2.921068108416869,3.247042804292134,
0.25,sparsemax,1.5,2.8094936621391247,2.65502005381174,2.9550863397567486,1.0
0.25,sparsemax,1.6,2.5690472703872755,2.4205741219173897,2.745063465690098,
0.25,sparsemax,1.7,2.3582028965769277,2.218234771872686,2.553545910177404,
0.25,sparsemax,1.8,2.172130898108861,2.041799763521484,2.394122931356356,
0.25,sparsemax,1.9,2.020310571823265,1.90038509278989,2.247338679587919,
0.25,sparsemax,2.0,1.8775334566891861,1.7731564415112133,2.113090500969289,1.0
0.25,sparsemax,2.25,1.6094854373940701,1.5206783594785098,1.835757012432665,
0.25,sparsemax,2.5,1.4140351090455505,1.3167271892650474,1.6638823719154974,
0.25,sparsemax,2.75,1.2656017532586101,1.1780604838981166,1.5215931178581878,
0.25,sparsemax,3.0,1.168282943525385,1.0644490644490645,1.4161226826978321,1.0
0.25,sparsemax,3.25,1.089615269510857,1.0,1.3096605971628046,
0.25,sparsemax,3.5,1.0157470551766894,1.0,1.2412786649010785,
0.25,sparsemax,3.75,1.0,1.0,1.1753732863886055,
0.25,sparsemax,4.0,1.0,1.0,1.1122550733170202,1.0
0.25,sparsemax,4.5,1.0,1.0,1.0110229386236826,
0.25,sparsemax,5.0,1.0,1.0,1.0,
0.25,sparsemax,5.5,1.0,1.0,1.0,
0.25,sparsemax,6.0,1.0,1.0,1.0,1.0
0.25,sparsemax,6.5,1.0,1.0,1.0,
0.25,sparsemax,7.0,1.0,1.0,1.0,
0.25,sparsemax,7.5,1.0,1.0,1.0,
0.25,sparsemax,8.0,1.0,1.0,1.0,1.0
0.25,sparsemax,8.5,1.0,1.0,1.0,
0.25,sparsemax,9.0,1.0,1.0,1.0,
0.25,sparsemax,9.5,1.0,1.0,1.0,
0.25,sparsemax,10.0,1.0,1.0,1.0,
0.25,sparsemax,10.5,1.0,1.0,1.0,
0.25,sparsemax,11.0,1.0,1.0,1.0,
0.25,sparsemax,11.5,1.0,1.0,1.0,
0.25,sparsemax,12.0,1.0,1.0,1.0,1.0
0.25,sparsemax,13.0,1.0,1.0,1.0,
0.25,sparsemax,14.0,1.0,1.0,1.0,
0.25,sparsemax,15.0,1.0,1.0,1.0,
0.25,sparsemax,16.0,1.0,1.0,1.0,
0.25,sparsemax,17.0,1.0,1.0,1.0,
0.25,sparsemax,18.0,1.0,1.0,1.0,
0.25,sparsemax,19.0,1.0,1.0,1.0,
0.25,sparsemax,20.0,1.0,1.0,1.0,
0.25,sparsemax,21.0,1.0,1.0,1.0,
0.25,sparsemax,22.0,1.0,1.0,1.0,
0.25,sparsemax,23.0,1.0,1.0,1.0,
0.25,sparsemax,24.0,1.0,1.0,1.0,
0.25,sparsemax,26.0,1.0,1.0,1.0,
0.25,sparsemax,28.0,1.0,1.0,1.0,
0.25,sparsemax,30.0,1.0,1.0,1.0,
0.25,sparsemax,32.0,1.0,1.0,1.0,
0.25,sparsemax,36.0,1.0,1.0,1.0,
0.25,sparsemax,40.0,1.0,1.0,1.0,
0.25,sparsemax,48.0,1.0,1.0,1.0,
0.4,softmax,0.05,99.9980593671055,99.99773561653475,99.99832233213465,
0.4,softmax,0.1,99.99223542690734,99.99094422538118,99.99328529365964,
0.4,softmax,0.15,99.98252554117002,99.97962894188257,99.98488308678188,
0.4,softmax,0.2,99.96892764147809,99.96379351941066,99.97311025297763,
0.4,softmax,0.25,99.95144023464098,99.94344235266027,99.9579616728607,0.0
0.4,softmax,0.3,99.93006240791952,99.91858048080923,99.93943256604119,
0.4,softmax,0.35,99.90479383406807,99.88921359054017,99.9175184909785,
0.4,softmax,0.4,99.87563477618481,99.85534801891832,99.8922189186692,
0.4,softmax,0.45,99.84258609236443,99.81699075612079,99.86368827025191,
0.4,softmax,0.5,99.80564924014601,99.77411770733478,99.83185046794901,0.0
0.4,softmax,0.6,99.72011988309958,99.67436768642804,99.75827121454832,
0.4,softmax,0.7,99.61907050978719,99.55632652309916,99.67155732713587,
0.4,softmax,0.75,99.56273594350442,99.49043951502227,99.62330249387789,0.0
0.4,softmax,0.8,99.50253476415213,99.41997239947978,99.57179777695326,
0.4,softmax,0.9,99.37055623209346,99.26529460181229,99.45908673659636,
0.4,softmax,1.0,99.22318852852982,99.09229384584285,99.33352339767579,0.0
0.4,softmax,1.1,99.060138568272,98.90098259722447,99.19521178784765,
0.4,softmax,1.2,98.88103444502988,98.69138538542383,99.04426058770864,
0.4,softmax,1.3,98.68642744558218,98.46353910955408,98.88078294803836,
0.4,softmax,1.4,98.47639046618215,98.21749333448271,98.70530205420822,
0.4,softmax,1.5,98.25101024940551,97.95412033544912,98.51825987197012,0.0
0.4,softmax,1.6,98.01038733771313,97.6765114588804,98.31936187857757,
0.4,softmax,1.7,97.75661668279386,97.38453865693131,98.10876786282842,
0.4,softmax,1.8,97.48839778759529,97.07659628480894,97.88355111030663,
0.4,softmax,1.9,97.2056347735114,96.75285324721405,97.64515187917058,
0.4,softmax,2.0,96.90845076501239,96.41356315861016,97.39464737907721,0.0
0.4,softmax,2.25,96.10325483538571,95.49905851832338,96.71628525677859,
0.4,softmax,2.5,95.21089307184548,94.48816294598349,95.96961333977725,
0.4,softmax,2.75,94.23370716274792,93.384680288307,95.14827975111237,
0.4,softmax,3.0,93.1742221419668,92.19645470571947,94.24895505151478,0.0
0.4,softmax,3.25,92.03513715390105,90.92493993885911,93.28135788022247,
0.4,softmax,3.5,90.81931750135118,89.57404789046832,92.24829206878476,
0.4,softmax,3.75,89.55273209965121,88.15237663756298,91.15279204263216,
0.4,softmax,4.0,88.24168036348544,86.6657283384386,89.99810400765506,0.0
0.4,softmax,4.5,85.46177823855834,83.51916503705924,87.5250801361202,
0.4,softmax,5.0,82.50235034626816,80.15859805539498,84.85858606669196,
0.4,softmax,5.5,79.36722416719907,76.64802755950053,82.02987098580084,
0.4,softmax,6.0,76.11684489109948,72.9336939913414,79.07122107973845,0.0
0.4,softmax,6.5,72.7994356595872,68.98966065559556,76.0151060665758,
0.4,softmax,7.0,69.35564563932675,64.84365871095778,72.89868301471945,
0.4,softmax,7.5,65.85112303316218,60.62960424526688,69.75224953481268,
0.4,softmax,8.0,62.56449107578147,56.33015300300904,66.59985337457202,0.0
0.4,softmax,8.5,59.34868421964126,51.940200789046436,63.466868513166325,
0.4,softmax,9.0,56.22025284505864,47.622086305127155,60.375842544297896,
0.4,softmax,9.5,53.09874108247139,43.42858020975491,57.34632639017442,
0.4,softmax,10.0,50.02628260340303,39.40667372930285,54.39482418194585,
0.4,softmax,10.5,47.063768340617024,35.59554282254754,51.53484627067004,
0.4,softmax,11.0,44.22131259953243,32.02520129294887,48.77704563618789,
0.4,softmax,11.5,41.50631885954965,28.837434022593673,46.12941720469111,
0.4,softmax,12.0,38.923717425612836,26.037276578244274,43.59754038895169,0.0
0.4,softmax,13.0,34.164623167715774,21.180726079885446,38.89289997631009,
0.4,softmax,14.0,29.981515624259565,17.243340189927462,34.669795743078495,
0.4,softmax,15.0,26.45172481982089,14.10252512507127,30.91351308872107,
0.4,softmax,16.0,23.59851472620405,11.622173268683934,27.59545231163946,
0.4,softmax,17.0,21.173197595233855,9.672761939072931,24.68287276833346,
0.4,softmax,18.0,19.042755031713334,8.141485936912604,22.14974052069487,
0.4,softmax,19.0,17.204781946917887,6.92253097903952,20.01466522122853,
0.4,softmax,20.0,15.626244708084894,5.887102310686561,18.00269598947408,
0.4,softmax,21.0,14.25794447492855,5.062354801166414,16.32852532658199,
0.4,softmax,22.0,12.852198851257974,4.401999628718188,14.948949316523953,
0.4,softmax,23.0,11.528901843967517,3.870056152272431,13.786450372652874,
0.4,softmax,24.0,10.384429786327942,3.4387076850817206,12.764797630323553,
0.4,softmax,26.0,8.716795944706309,2.7968573477572534,11.190595484279022,
0.4,softmax,28.0,7.2987495572616945,2.3569490084266693,9.99461025659367,
0.4,softmax,30.0,6.303483313712325,2.047049605697999,8.97491812572,
0.4,softmax,32.0,5.568272522054263,1.8230688340252912,8.078958036222916,
0.4,softmax,36.0,4.504193280622131,1.532203293980928,6.849214496978967,
0.4,softmax,40.0,3.790126713971447,1.3605760438263654,5.973014528473992,
0.4,softmax,48.0,2.7837387243197407,1.181933347178795,4.783689266385702,
0.4,sparsemax,0.05,83.93352466403776,82.1739241608199,85.73185093760839,
0.4,sparsemax,0.1,62.06194084292956,59.80021960283292,64.95623772738746,
0.4,sparsemax,0.15,48.86841342530842,45.922170407900175,53.02992515407458,
0.4,sparsemax,0.2,40.8792991328704,37.032542420725434,44.364063931528484,
0.4,sparsemax,0.25,34.91143642440733,31.46645340814701,38.248073565052884,0.0
0.4,sparsemax,0.3,30.897198228148724,27.382175053681284,33.72271606078315,
0.4,sparsemax,0.35,27.72087371907334,24.52329504607749,29.93092202335732,
0.4,sparsemax,0.4,25.179160422690664,22.11919438761233,26.99752800499271,
0.4,sparsemax,0.45,23.187295272966953,20.387563624801363,24.45280851018133,
0.4,sparsemax,0.5,21.390633948838072,18.76409922377608,22.389029790811637,0.0
0.4,sparsemax,0.6,18.354954528676295,16.16454682641995,19.73804842486712,
0.4,sparsemax,0.7,16.09191991579141,14.317627493288844,17.945089046675662,
0.4,sparsemax,0.75,15.155534661876127,13.54107793072309,17.203865862226554,0.0
0.4,sparsemax,0.8,14.376524688336659,12.846012732668555,16.539763113367176,
0.4,sparsemax,0.9,13.13907378141283,11.546026811299313,15.249159218306003,
0.4,sparsemax,1.0,12.123215958560646,10.53003834453044,14.015151717049749,0.0
0.4,sparsemax,1.1,11.32442333620514,9.716250942147932,12.793086281111302,
0.4,sparsemax,1.2,10.652340897615659,8.867210971014043,11.958448962626811,
0.4,sparsemax,1.3,10.066114269653578,8.136786177517005,11.274377844632037,
0.4,sparsemax,1.4,9.550656472540707,7.516542632407644,10.718808005475891,
0.4,sparsemax,1.5,9.194608700390443,6.999082199529507,10.21268644440458,0.2916666666666667
0.4,sparsemax,1.6,8.767850944112105,6.64683192775127,9.858984991950855,
0.4,sparsemax,1.7,8.281344751556595,6.3807504492994465,9.512576696155902,
0.4,sparsemax,1.8,7.95687317488081,6.167376316878281,9.129168113789694,
0.4,sparsemax,1.9,7.640503235307575,5.866933553140158,8.724554981444234,
0.4,sparsemax,2.0,7.333257939378,5.594767218160831,8.359908940294746,0.2916666666666667
0.4,sparsemax,2.25,6.609499122481541,4.967328613556102,7.779413067497173,
0.4,sparsemax,2.5,6.128939657358851,4.414384260994664,7.497356794875478,
0.4,sparsemax,2.75,5.744133099189838,3.9963697395352153,7.081204775753721,
0.4,sparsemax,3.0,5.403899058996448,3.799854102622396,6.681754884228977,0.375
0.4,sparsemax,3.25,5.036393373004501,3.577533088015166,6.32614178819128,
0.4,sparsemax,3.5,4.817126390111428,3.3505112229072016,6.041666937859503,
0.4,sparsemax,3.75,4.54583645187487,3.1380699423419847,5.781818313475129,
0.4,sparsemax,4.0,4.367184035476718,2.9823732018639837,5.681505515898768,0.375
0.4,sparsemax,4.5,4.071234699220511,2.6945190652211526,5.393750207912607,
0.4,sparsemax,5.0,3.8435890164497835,2.432332904027124,5.042908314528255,
0.4,sparsemax,5.5,3.653300695099753,2.228598608350871,4.7888180767501805,
0.4,sparsemax,6.0,3.447788653698673,2.1007579426437553,4.584763574809884,0.375
0.4,sparsemax,6.5,3.2400677494250463,1.9777664971665303,4.3331757321106945,
0.4,sparsemax,7.0,3.056554714501561,1.8604093063322604,4.069142893574031,
0.4,sparsemax,7.5,2.9180284073200053,1.7893554190292802,3.8408031850081943,
0.4,sparsemax,8.0,2.8131868131868134,1.7049747656813266,3.804038630377524,0.375
0.4,sparsemax,8.5,2.709554719477405,1.6336573783452626,3.7801899237146994,
0.4,sparsemax,9.0,2.6076714945089927,1.5652764407083675,3.755225874135354,
0.4,sparsemax,9.5,2.5292074471220847,1.4999064582785346,3.7291972031647,
0.4,sparsemax,10.0,2.460316910754885,1.4375599688193827,3.701680937802711,
0.4,sparsemax,10.5,2.3621043077186554,1.3782025043280373,3.625428380216585,
0.4,sparsemax,11.0,2.2585165659894724,1.3217650195287665,3.565244699866507,
0.4,sparsemax,11.5,2.159496700641066,1.2681539875467491,3.512779632596026,
0.4,sparsemax,12.0,2.065013143169456,1.217259437967065,3.460030122642186,0.375
0.4,sparsemax,13.0,1.9207502930832356,1.137528930033826,3.3541421212099984,
0.4,sparsemax,14.0,1.9086672879776327,1.1193856655290104,3.248409548461317,
0.4,sparsemax,15.0,1.8958574404073132,1.1015030223819637,3.14351256881851,
0.4,sparsemax,16.0,1.8823529411764706,1.084,3.0399999999999996,
0.4,sparsemax,17.0,1.8681870011402508,1.0669702852023295,2.972404913049812,
0.4,sparsemax,18.0,1.8533936651583711,1.0504848830576154,2.9040687346440417,
0.4,sparsemax,19.0,1.8380076284496298,1.0345949625595643,2.8353112650664696,
0.4,sparsemax,20.0,1.8220640569395017,1.0193347193347193,2.766424322538004,
0.4,sparsemax,21.0,1.8055984130482698,1.0047241165530068,2.697671474624868,
0.4,sparsemax,22.0,1.788646288209607,1.0,2.629288345255006,
0.4,sparsemax,23.0,1.7712432432432432,1.0,2.561483388267254,
0.4,sparsemax,24.0,1.7534246575342465,1.0,2.494439024390244,
0.4,sparsemax,26.0,1.7166806370494552,1.0,2.3632402176729723,
0.4,sparsemax,28.0,1.678688524590164,1.0,2.2366881655917203,
0.4,sparsemax,30.0,1.6397117694155323,1.0,2.1154661393467364,
0.4,sparsemax,32.0,1.6,1.0,2.0000000000000004,
0.4,sparsemax,36.0,1.5192878338278932,1.0,2.0,
0.4,sparsemax,40.0,1.4382022471910112,1.0,1.9853658536585366,
0.4,sparsemax,48.0,1.28,1.0,1.8615384615384611,
