beta,pattern_seed,eligible,reason,settle_steps,equilibrium_residual,min_contraction_margin
8.0,10000,False,wrong_attractor_identity;attractors_not_distinct,780,9.961660313548683e-10,0.7690711906766232
8.0,10001,False,wrong_attractor_identity;attractors_not_distinct,744,9.809320595339982e-10,0.9993666418756181
8.0,10002,False,wrong_attractor_identity;attractors_not_distinct,868,9.80090395443123e-10,0.9050858300146991
8.0,10003,False,wrong_attractor_identity;attractors_not_distinct,733,9.901514095695871e-10,0.9634322627968405
8.0,10004,False,wrong_attractor_identity;attractors_not_distinct,767,9.942404327973074e-10,0.9985238416889239
8.0,10005,False,wrong_attractor_identity;attractors_not_distinct,776,9.983083064236877e-10,0.9995524848944765
8.0,10006,False,wrong_attractor_identity;attractors_not_distinct,744,9.840801024020008e-10,0.9978063102858075
8.0,10007,False,wrong_attractor_identity;attractors_not_distinct,733,9.895763835083309e-10,0.992687504082814
8.0,10008,False,wrong_attractor_identity,768,9.93253736726264e-10,0.9844756626973307
8.0,10009,True,eligible,829,9.949400243621392e-10,0.3875594099056089
8.0,10010,False,wrong_attractor_identity;attractors_not_distinct,745,9.828797133244684e-10,0.9926875040828087
8.0,10011,True,eligible,829,9.949398488802463e-10,0.38755940990560933
8.0,10012,False,wrong_attractor_identity;attractors_not_distinct,857,9.955149615568174e-10,0.8546067123185312
8.0,10013,False,wrong_attractor_identity;attractors_not_distinct,745,9.754799078605993e-10,0.9985238416849639
8.0,10014,False,wrong_attractor_identity;attractors_not_distinct,733,9.787544434188716e-10,0.9630468122914513
8.0,10015,False,wrong_attractor_identity;attractors_not_distinct,1917,9.96030310657866e-10,0.32030950388791657
8.0,10016,False,wrong_attractor_identity;attractors_not_distinct,745,9.754799078605993e-10,0.9985238416849648
8.0,10017,False,wrong_attractor_identity;attractors_not_distinct,730,9.76429054508085e-10,0.906966329170281
8.0,10018,False,wrong_attractor_identity;attractors_not_distinct,782,9.74760886888497e-10,0.7920168720898124
8.0,10019,False,wrong_attractor_identity;attractors_not_distinct,776,9.983083064236877e-10,0.9995524848944776
8.0,10020,False,wrong_attractor_identity,768,9.93253736726264e-10,0.9844756626973311
8.0,10021,False,wrong_attractor_identity;attractors_not_distinct,727,9.74727731671062e-10,0.9071098211818625
8.0,10022,False,wrong_attractor_identity;attractors_not_distinct,714,9.964295152676172e-10,0.9412002085769705
8.0,10023,False,wrong_attractor_identity;attractors_not_distinct,735,9.850260017870594e-10,0.9927816112828308
8.0,10024,False,wrong_attractor_identity;attractors_not_distinct,745,9.828797133244684e-10,0.9926875040828087
8.0,10025,False,wrong_attractor_identity;attractors_not_distinct,727,9.743590309634497e-10,0.9820272218328567
8.0,10026,True,eligible,935,9.826180339053717e-10,0.6374711797074908
8.0,10027,False,wrong_attractor_identity;attractors_not_distinct,729,9.977701009928132e-10,0.9820272218328465
8.0,10028,True,eligible,672,9.974753655816789e-10,0.72138089487783
8.0,10029,False,wrong_attractor_identity,996,9.731731436501334e-10,0.9927816112631719
8.0,10030,False,wrong_attractor_identity;attractors_not_distinct,744,9.809320595339982e-10,0.9993666418756167
8.0,10031,False,wrong_attractor_identity;attractors_not_distinct,817,9.712013814863349e-10,0.992687504063079
8.0,10032,True,eligible,579,9.967179323394466e-10,0.9214056450336199
8.0,10033,False,wrong_attractor_identity;attractors_not_distinct,714,9.80002009502092e-10,0.9970181532392874
8.0,10034,False,wrong_attractor_identity;attractors_not_distinct,745,9.754799078605993e-10,0.998523841684964
8.0,10035,False,wrong_attractor_identity;attractors_not_distinct,739,9.771592030006294e-10,0.992687504082811
8.0,10036,False,wrong_attractor_identity,996,9.731731436501334e-10,0.9927816112631715
8.0,10037,False,wrong_attractor_identity;attractors_not_distinct,744,9.809320595339982e-10,0.9993666418756182
8.0,10038,False,wrong_attractor_identity;attractors_not_distinct,826,9.901417240035429e-10,0.9069663289846006
8.0,10039,False,wrong_attractor_identity;attractors_not_distinct,735,9.850260017870594e-10,0.9927816112828299
8.0,10040,False,wrong_attractor_identity;attractors_not_distinct,730,9.76429054508085e-10,0.9069663291702816
8.0,10041,False,wrong_attractor_identity;attractors_not_distinct,776,9.983083064236877e-10,0.9995524848944767
8.0,10042,True,eligible,754,9.848577625981656e-10,0.7919076588634685
8.0,10043,False,attractors_not_distinct,449,9.901053757875535e-10,0.9970983372871601
8.0,10044,False,wrong_attractor_identity;attractors_not_distinct,712,9.715084493439955e-10,0.9954940736328414
8.0,10045,False,wrong_attractor_identity;attractors_not_distinct,727,9.74727731671062e-10,0.9071098211818638
8.0,10046,False,wrong_attractor_identity;attractors_not_distinct,868,9.800904719089561e-10,0.9050858300147007
8.0,10047,False,wrong_attractor_identity;attractors_not_distinct,780,9.9616609372749e-10,0.7690711906766226
8.0,10048,False,wrong_attractor_identity;attractors_not_distinct,738,9.77423062869916e-10,0.9069663291663751
8.0,10049,False,wrong_attractor_identity;attractors_not_distinct,745,9.754799078605993e-10,0.9985238416849634
8.0,10050,False,wrong_attractor_identity;attractors_not_distinct,738,9.77423062869916e-10,0.9069663291663759
8.0,10051,False,wrong_attractor_identity;attractors_not_distinct,714,9.943806124241974e-10,0.9954940736299746
8.0,10052,False,wrong_attractor_identity;attractors_not_distinct,735,9.848309803662642e-10,0.9985238416889234
8.0,10053,True,eligible,737,9.78716627337613e-10,0.5675432120653245
8.0,10054,False,wrong_attractor_identity;attractors_not_distinct,817,9.712013814863349e-10,0.9926875040630795
8.0,10055,False,wrong_attractor_identity;attractors_not_distinct,745,9.754799078605993e-10,0.9985238416849637
8.0,10056,False,wrong_attractor_identity;attractors_not_distinct,733,9.895763835083309e-10,0.9926875040828139
8.0,10057,False,wrong_attractor_identity;attractors_not_distinct,735,9.850260017870594e-10,0.9927816112828306
8.0,10058,False,wrong_attractor_identity;attractors_not_distinct,733,9.895763835083309e-10,0.9926875040828145
8.0,10059,False,wrong_attractor_identity;attractors_not_distinct,817,9.712013814863349e-10,0.9926875040630803
8.0,10060,False,wrong_attractor_identity;attractors_not_distinct,736,9.710992175112643e-10,0.9634322627967717
8.0,10061,False,wrong_attractor_identity,888,9.777006284945035e-10,0.9214056448055181
8.0,10062,False,wrong_attractor_identity;attractors_not_distinct,746,9.783498850679999e-10,0.9820272218327872
8.0,10063,False,wrong_attractor_identity;attractors_not_distinct,733,9.901514095695871e-10,0.9634322627968409
8.0,10064,False,wrong_attractor_identity;attractors_not_distinct,730,9.76429054508085e-10,0.9069663291702829
8.0,10065,False,wrong_attractor_identity;attractors_not_distinct,745,9.828797133244684e-10,0.9926875040828099
8.0,10066,False,wrong_attractor_identity,846,9.910138369404506e-10,0.7213808943029226
8.0,10067,False,wrong_attractor_identity;attractors_not_distinct,733,9.901514095695871e-10,0.9634322627968411
8.0,10068,False,wrong_attractor_identity;attractors_not_distinct,776,9.983083064236877e-10,0.9995524848944768
8.0,10069,True,eligible,935,9.82618089407368e-10,0.6374711797074897
8.0,10070,True,eligible,579,9.967179323394466e-10,0.9214056450336212
8.0,10071,False,wrong_attractor_identity;attractors_not_distinct,744,9.840801024020008e-10,0.9978063102858071
8.0,10072,False,wrong_attractor_identity;attractors_not_distinct,745,9.754799078605993e-10,0.9985238416849647
8.0,10073,False,wrong_attractor_identity;attractors_not_distinct,739,9.771592030006294e-10,0.9926875040828106
8.0,10074,False,wrong_attractor_identity;attractors_not_distinct,733,9.901514095695871e-10,0.9634322627968404
8.0,10075,False,wrong_attractor_identity;attractors_not_distinct,826,9.901417240035429e-10,0.9069663289846003
8.0,10076,False,wrong_attractor_identity;attractors_not_distinct,712,9.983308608384378e-10,0.9812899305509738
8.0,10077,False,wrong_attractor_identity;attractors_not_distinct,729,9.977701009928132e-10,0.982027221832848
8.0,10078,False,wrong_attractor_identity;attractors_not_distinct,733,9.895763835083309e-10,0.9926875040828143
8.0,10079,True,eligible,829,9.949398839766248e-10,0.3875594099056095
8.0,10080,False,wrong_attractor_identity;attractors_not_distinct,826,9.901417240035429e-10,0.9069663289846011
8.0,10081,False,wrong_attractor_identity;attractors_not_distinct,735,9.848309803662642e-10,0.9985238416889233
8.0,10082,False,wrong_attractor_identity;attractors_not_distinct,735,9.850260017870594e-10,0.9927816112828303
8.0,10083,False,wrong_attractor_identity;attractors_not_distinct,817,9.712013814863349e-10,0.9926875040630784
8.0,10084,False,wrong_attractor_identity;attractors_not_distinct,733,9.895763835083309e-10,0.9926875040828137
8.0,10085,False,wrong_attractor_identity;attractors_not_distinct,727,9.743590309634497e-10,0.982027221832857
8.0,10086,False,wrong_attractor_identity;attractors_not_distinct,857,9.955149615568174e-10,0.8546067123185311
8.0,10087,False,wrong_attractor_identity,762,9.768987203046154e-10,0.7920168723034494
8.0,10088,False,wrong_attractor_identity;attractors_not_distinct,767,9.942404327973074e-10,0.9985238416889237
8.0,10089,False,wrong_attractor_identity;attractors_not_distinct,745,9.754799078605993e-10,0.9985238416849642
8.0,10090,False,wrong_attractor_identity;attractors_not_distinct,939,9.815452899969104e-10,0.636560796403602
8.0,10091,False,wrong_attractor_identity;attractors_not_distinct,744,9.746066674136174e-10,0.982027221802652
8.0,10092,True,eligible,829,9.94939743591103e-10,0.38755940990560966
8.0,10093,False,wrong_attractor_identity;attractors_not_distinct,1931,9.939176988914608e-10,0.31786086309772976
8.0,10094,True,eligible,580,9.737725463767202e-10,0.8989685077569406
8.0,10095,False,wrong_attractor_identity;attractors_not_distinct,739,9.771592030006294e-10,0.9926875040828118
8.0,10096,False,wrong_attractor_identity;attractors_not_distinct,734,9.817510990231673e-10,0.9237370496803312
8.0,10097,True,eligible,737,9.787166273376257e-10,0.5675432120653252
8.0,10098,False,wrong_attractor_identity;attractors_not_distinct,744,9.840801024020008e-10,0.9978063102858062
8.0,10099,False,wrong_attractor_identity;attractors_not_distinct,739,9.771592030006294e-10,0.9926875040828106
8.0,10100,False,wrong_attractor_identity;attractors_not_distinct,744,9.809320595339982e-10,0.9993666418756167
8.0,10101,False,wrong_attractor_identity;attractors_not_distinct,744,9.840801024020008e-10,0.9978063102858071
8.0,10102,True,eligible,579,9.967179323394466e-10,0.9214056450336219
8.0,10103,False,wrong_attractor_identity;attractors_not_distinct,776,9.983083064236877e-10,0.9995524848944785
8.0,10104,False,wrong_attractor_identity;attractors_not_distinct,754,9.848576984994337e-10,0.7919076588634684
8.0,10105,False,wrong_attractor_identity,996,9.731731436501334e-10,0.9927816112631722
8.0,10106,False,wrong_attractor_identity;attractors_not_distinct,733,9.901514095695871e-10,0.96343226279684
8.0,10107,True,eligible,737,9.787165880853499e-10,0.5675432120653248
8.0,10108,False,wrong_attractor_identity;attractors_not_distinct,744,9.840801024020008e-10,0.997806310285808
8.0,10109,False,wrong_attractor_identity;attractors_not_distinct,745,9.828797133244684e-10,0.9926875040828085
8.0,10110,False,wrong_attractor_identity;attractors_not_distinct,744,9.840801024020008e-10,0.997806310285807
8.0,10111,True,eligible,579,9.967179323394466e-10,0.9214056450336202
8.0,10112,False,wrong_attractor_identity;attractors_not_distinct,744,9.746066674136174e-10,0.9820272218026516
8.0,10113,False,wrong_attractor_identity;attractors_not_distinct,776,9.983083064236877e-10,0.9995524848944776
8.0,10114,False,wrong_attractor_identity;attractors_not_distinct,817,9.712013814863349e-10,0.9926875040630788
8.0,10115,False,wrong_attractor_identity;attractors_not_distinct,868,9.80090395443123e-10,0.9050858300147003
8.0,10116,False,wrong_attractor_identity;attractors_not_distinct,735,9.850260017870594e-10,0.9927816112828298
8.0,10117,False,wrong_attractor_identity;attractors_not_distinct,730,9.76429054508085e-10,0.9069663291702825
8.0,10118,False,wrong_attractor_identity;attractors_not_distinct,750,9.961468491956152e-10,0.9040416073863231
8.0,10119,False,wrong_attractor_identity;attractors_not_distinct,1931,9.939180129095963e-10,0.3178608630977313
8.0,10120,False,wrong_attractor_identity;attractors_not_distinct,767,9.942404327973074e-10,0.9985238416889234
8.0,10121,False,wrong_attractor_identity;attractors_not_distinct,939,9.815452899969104e-10,0.6365607964036014
8.0,10122,False,wrong_attractor_identity;attractors_not_distinct,782,9.74760886888497e-10,0.7920168720898128
8.0,10123,False,wrong_attractor_identity;attractors_not_distinct,727,9.74727731671062e-10,0.9071098211818625
8.0,10124,False,wrong_attractor_identity;attractors_not_distinct,729,9.977701009928132e-10,0.9820272218328472
8.0,10125,False,wrong_attractor_identity;attractors_not_distinct,746,9.783498850679999e-10,0.9820272218327881
8.0,10126,False,wrong_attractor_identity;attractors_not_distinct,733,9.765610271061144e-10,0.9040416073940587
8.0,10127,False,wrong_attractor_identity;attractors_not_distinct,730,9.76429054508085e-10,0.9069663291702825
8.0,10128,True,eligible,829,9.949399190730022e-10,0.3875594099056089
8.0,10129,False,wrong_attractor_identity;attractors_not_distinct,739,9.80457397695479e-10,0.9634322627967075
8.0,10130,False,wrong_attractor_identity;attractors_not_distinct,735,9.850260017870594e-10,0.9927816112828302
8.0,10131,False,wrong_attractor_identity;attractors_not_distinct,714,9.964295152676172e-10,0.9412002085769707
8.0,10132,False,wrong_attractor_identity;attractors_not_distinct,726,9.87325362577703e-10,0.9069663291725785
8.0,10133,True,eligible,737,9.787166273376383e-10,0.5675432120653254
8.0,10134,False,wrong_attractor_identity;attractors_not_distinct,750,9.961468759405769e-10,0.9040416073863228
8.0,10135,False,wrong_attractor_identity;attractors_not_distinct,902,9.773151374964117e-10,0.8562792039894416
8.0,10136,False,wrong_attractor_identity;attractors_not_distinct,745,9.828797133244684e-10,0.992687504082808
8.0,10137,False,wrong_attractor_identity;attractors_not_distinct,745,9.754799078605993e-10,0.9985238416849634
8.0,10138,False,wrong_attractor_identity;attractors_not_distinct,735,9.850260017870594e-10,0.9927816112828314
8.0,10139,True,eligible,829,9.949397786874854e-10,0.38755940990560883
8.0,10140,False,wrong_attractor_identity;attractors_not_distinct,739,9.771592030006294e-10,0.9926875040828113
8.0,10141,False,wrong_attractor_identity;attractors_not_distinct,745,9.828797133244684e-10,0.9926875040828096
8.0,10142,False,wrong_attractor_identity;attractors_not_distinct,744,9.785860735055816e-10,0.9813341504310403
8.0,10143,False,wrong_attractor_identity;attractors_not_distinct,744,9.840801024020008e-10,0.9978063102858067
8.0,10144,False,wrong_attractor_identity,996,9.731731436501334e-10,0.9927816112631712
8.0,10145,False,wrong_attractor_identity;attractors_not_distinct,714,9.957550719499873e-10,0.995494073632841
8.0,10146,False,wrong_attractor_identity;attractors_not_distinct,745,9.754799078605993e-10,0.9985238416849634
8.0,10147,False,wrong_attractor_identity;attractors_not_distinct,736,9.710992090744793e-10,0.9634322627967716
8.0,10148,False,wrong_attractor_identity;attractors_not_distinct,744,9.840801024020008e-10,0.9978063102858074
8.0,10149,False,wrong_attractor_identity;attractors_not_distinct,746,9.783498850679999e-10,0.9820272218327879
8.0,10150,False,wrong_attractor_identity;attractors_not_distinct,754,9.848577625981656e-10,0.7919076588634688
8.0,10151,False,wrong_attractor_identity;attractors_not_distinct,733,9.787544434188716e-10,0.9630468122914505
8.0,10152,False,wrong_attractor_identity;attractors_not_distinct,815,9.936448840514826e-10,0.9927816112628294
8.0,10153,False,wrong_attractor_identity;attractors_not_distinct,767,9.942404327973074e-10,0.9985238416889234
8.0,10154,False,wrong_attractor_identity;attractors_not_distinct,739,9.771592030006294e-10,0.992687504082812
8.0,10155,True,eligible,753,9.92928506950722e-10,0.7908185031109417
8.0,10156,False,wrong_attractor_identity,888,9.777006284945035e-10,0.9214056448055183
8.0,10157,False,wrong_attractor_identity;attractors_not_distinct,735,9.866465509032008e-10,0.9962180643262711
8.0,10158,False,wrong_attractor_identity;attractors_not_distinct,782,9.74760886888497e-10,0.7920168720898124
8.0,10159,False,wrong_attractor_identity;attractors_not_distinct,754,9.848577625981656e-10,0.7919076588634686
8.0,10160,False,wrong_attractor_identity;attractors_not_distinct,738,9.77423062869916e-10,0.9069663291663767
8.0,10161,False,wrong_attractor_identity;attractors_not_distinct,733,9.895763835083309e-10,0.9926875040828138
8.0,10162,False,wrong_attractor_identity;attractors_not_distinct,727,9.74727731671062e-10,0.907109821181862
8.0,10163,False,wrong_attractor_identity;attractors_not_distinct,817,9.712013814863349e-10,0.9926875040630796
8.0,10164,False,wrong_attractor_identity;attractors_not_distinct,767,9.942404327973074e-10,0.9985238416889235
8.0,10165,False,wrong_attractor_identity;attractors_not_distinct,735,9.850260017870594e-10,0.9927816112828296
8.0,10166,False,wrong_attractor_identity;attractors_not_distinct,782,9.74760886888497e-10,0.7920168720898131
8.0,10167,True,eligible,935,9.82618089407368e-10,0.6374711797074906
8.0,10168,False,wrong_attractor_identity;attractors_not_distinct,727,9.74727731671062e-10,0.9071098211818621
8.0,10169,False,wrong_attractor_identity;attractors_not_distinct,735,9.850260017870594e-10,0.9927816112828308
8.0,10170,False,wrong_attractor_identity;attractors_not_distinct,744,9.950478594890056e-10,0.9940291482107431
8.0,10171,False,wrong_attractor_identity;attractors_not_distinct,727,9.74727731671062e-10,0.907109821181862
8.0,10172,False,wrong_attractor_identity;attractors_not_distinct,744,9.785860735055816e-10,0.9813341504310403
8.0,10173,False,wrong_attractor_identity;attractors_not_distinct,776,9.983083064236877e-10,0.9995524848944775
8.0,10174,False,wrong_attractor_identity;attractors_not_distinct,744,9.746066674136174e-10,0.9820272218026518
8.0,10175,True,eligible,829,9.94939708494732e-10,0.387559409905609
8.0,10176,False,wrong_attractor_identity;attractors_not_distinct,744,9.809320595339982e-10,0.9993666418756195
8.0,10177,False,wrong_attractor_identity;attractors_not_distinct,744,9.840801024020008e-10,0.9978063102858081
8.0,10178,False,wrong_attractor_identity;attractors_not_distinct,2057,9.913697639665283e-10,0.9891481604288824
8.0,10179,True,eligible,579,9.967179323394466e-10,0.9214056450336213
8.0,10180,False,wrong_attractor_identity;attractors_not_distinct,733,9.765610271061144e-10,0.9040416073940593
8.0,10181,False,wrong_attractor_identity;attractors_not_distinct,733,9.895763835083309e-10,0.9926875040828146
8.0,10182,False,wrong_attractor_identity;attractors_not_distinct,727,9.743590309634497e-10,0.9820272218328566
8.0,10183,False,wrong_attractor_identity;attractors_not_distinct,745,9.828797133244684e-10,0.99268750408281
8.0,10184,False,wrong_attractor_identity;attractors_not_distinct,817,9.712013814863349e-10,0.992687504063079
8.0,10185,False,wrong_attractor_identity;attractors_not_distinct,744,9.809320595339982e-10,0.9993666418756176
8.0,10186,False,wrong_attractor_identity;attractors_not_distinct,736,9.710992090744793e-10,0.9634322627967715
8.0,10187,False,wrong_attractor_identity;attractors_not_distinct,815,9.936448840514826e-10,0.9927816112628293
8.0,10188,False,wrong_attractor_identity;attractors_not_distinct,714,9.786435101534341e-10,0.9991584144345919
8.0,10189,False,wrong_attractor_identity;attractors_not_distinct,745,9.754799078605993e-10,0.9985238416849639
8.0,10190,False,wrong_attractor_identity;attractors_not_distinct,1917,9.9603023215324e-10,0.3203095038879166
8.0,10191,False,wrong_attractor_identity,996,9.731731436501334e-10,0.9927816112631708
8.0,10192,False,wrong_attractor_identity,888,9.777006284945035e-10,0.921405644805518
8.0,10193,False,wrong_attractor_identity;attractors_not_distinct,733,9.901514095695871e-10,0.9634322627968405
8.0,10194,False,wrong_attractor_identity;attractors_not_distinct,939,9.843880029946713e-10,0.6364609226148281
8.0,10195,False,wrong_attractor_identity,888,9.777006284945035e-10,0.9214056448055181
8.0,10196,False,wrong_attractor_identity;attractors_not_distinct,744,9.840801024020008e-10,0.9978063102858077
8.0,10197,True,eligible,1931,9.939177773959976e-10,0.31786086309773076
8.0,10198,False,wrong_attractor_identity;attractors_not_distinct,826,9.862612758094784e-10,0.9071098209956884
8.0,10199,False,wrong_attractor_identity;attractors_not_distinct,2156,9.993662564408783e-10,0.8336279118663777
8.0,10200,False,wrong_attractor_identity;attractors_not_distinct,726,9.87325362577703e-10,0.9069663291725781
8.0,10201,False,wrong_attractor_identity,846,9.910138369404506e-10,0.7213808943029228
8.0,10202,False,wrong_attractor_identity;attractors_not_distinct,733,9.765610271061144e-10,0.9040416073940581
8.0,10203,False,wrong_attractor_identity;attractors_not_distinct,868,9.800904719089561e-10,0.9050858300146993
8.0,10204,False,wrong_attractor_identity;attractors_not_distinct,776,9.983083064236877e-10,0.9995524848944776
8.0,10205,False,wrong_attractor_identity;attractors_not_distinct,726,9.839729254095704e-10,0.9040416073984362
8.0,10206,False,wrong_attractor_identity;attractors_not_distinct,735,9.850260017870594e-10,0.9927816112828292
8.0,10207,True,eligible,935,9.82618089407368e-10,0.637471179707491
8.0,10208,False,wrong_attractor_identity;attractors_not_distinct,744,9.840801024020008e-10,0.9978063102858076
8.0,10209,False,wrong_attractor_identity;attractors_not_distinct,727,9.743590309634497e-10,0.9820272218328574
8.0,10210,False,wrong_attractor_identity;attractors_not_distinct,815,9.936448840514826e-10,0.9927816112628314
8.0,10211,True,eligible,737,9.787165880853499e-10,0.5675432120653258
8.0,10212,False,wrong_attractor_identity;attractors_not_distinct,714,9.957550719499873e-10,0.9954940736328411
8.0,10213,False,wrong_attractor_identity;attractors_not_distinct,745,9.828797133244684e-10,0.9926875040828093
8.0,10214,False,wrong_attractor_identity;attractors_not_distinct,776,9.983083064236877e-10,0.9995524848944769
8.0,10215,False,wrong_attractor_identity;attractors_not_distinct,1931,9.939176988914608e-10,0.317860863097731
8.0,10216,True,eligible,829,9.949398137838664e-10,0.3875594099056096
8.0,10217,False,wrong_attractor_identity,888,9.777006284945035e-10,0.9214056448055181
8.0,10218,False,wrong_attractor_identity;attractors_not_distinct,739,9.771592030006294e-10,0.9926875040828121
8.0,10219,False,wrong_attractor_identity;attractors_not_distinct,744,9.840801024020008e-10,0.9978063102858082
8.0,10220,False,wrong_attractor_identity,768,9.93253736726264e-10,0.9844756626973313
8.0,10221,False,wrong_attractor_identity,762,9.933554061749959e-10,0.7919076587448075
8.0,10222,False,wrong_attractor_identity;attractors_not_distinct,745,9.754799078605993e-10,0.9985238416849633
8.0,10223,False,wrong_attractor_identity;attractors_not_distinct,744,9.746066674136174e-10,0.9820272218026515
8.0,10224,False,wrong_attractor_identity;attractors_not_distinct,735,9.848309803662642e-10,0.9985238416889238
8.0,10225,True,eligible,2219,9.97312571251385e-10,0.273651834129197
8.0,10226,False,wrong_attractor_identity;attractors_not_distinct,726,9.87325362577703e-10,0.9069663291725787
8.0,10227,False,wrong_attractor_identity;attractors_not_distinct,739,9.771592030006294e-10,0.9926875040828114
8.0,10228,False,wrong_attractor_identity,996,9.731731436501334e-10,0.9927816112631719
8.0,10229,False,wrong_attractor_identity;attractors_not_distinct,745,9.754799078605993e-10,0.9985238416849643
8.0,10230,False,wrong_attractor_identity;attractors_not_distinct,735,9.848309803662642e-10,0.9985238416889237
8.0,10231,False,wrong_attractor_identity;attractors_not_distinct,776,9.983083064236877e-10,0.9995524848944765
8.0,10232,False,wrong_attractor_identity;attractors_not_distinct,726,9.839729254095704e-10,0.9040416073984369
8.0,10233,False,wrong_attractor_identity;attractors_not_distinct,745,9.754799078605993e-10,0.9985238416849649
8.0,10234,False,wrong_attractor_identity;attractors_not_distinct,739,9.80457397695479e-10,0.9634322627967078
8.0,10235,False,wrong_attractor_identity,768,9.93253736726264e-10,0.9844756626973314
8.0,10236,False,wrong_attractor_identity;attractors_not_distinct,832,9.76996998880102e-10,0.9970801839891865
8.0,10237,False,wrong_attractor_identity;attractors_not_distinct,745,9.828797133244684e-10,0.9926875040828093
8.0,10238,True,eligible,737,9.787165880853499e-10,0.5675432120653252
8.0,10239,False,wrong_attractor_identity,762,9.933554061749959e-10,0.7919076587448075
8.0,10240,False,wrong_attractor_identity;attractors_not_distinct,726,9.839729254095704e-10,0.9040416073984365
8.0,10241,False,wrong_attractor_identity;attractors_not_distinct,776,9.983083064236877e-10,0.9995524848944773
8.0,10242,False,wrong_attractor_identity;attractors_not_distinct,729,9.977701009928132e-10,0.9820272218328473
8.0,10243,True,eligible,737,9.787167058421602e-10,0.5675432120653247
8.0,10244,False,wrong_attractor_identity;attractors_not_distinct,776,9.983083064236877e-10,0.999552484894476
8.0,10245,False,wrong_attractor_identity;attractors_not_distinct,735,9.848309803662642e-10,0.9985238416889238
8.0,10246,False,wrong_attractor_identity;attractors_not_distinct,745,9.828797133244684e-10,0.9926875040828091
8.0,10247,False,wrong_attractor_identity;attractors_not_distinct,738,9.773011643243997e-10,0.981334150462527
8.0,10248,True,eligible,829,9.949398488802463e-10,0.38755940990560966
8.0,10249,False,wrong_attractor_identity;attractors_not_distinct,901,9.783011651103403e-10,0.9703444996385924
8.0,10250,False,wrong_attractor_identity;attractors_not_distinct,733,9.78729433346179e-10,0.9891481604557425
8.0,10251,False,wrong_attractor_identity;attractors_not_distinct,744,9.809320595339982e-10,0.999366641875619
8.0,10252,False,wrong_attractor_identity;attractors_not_distinct,736,9.710992090744793e-10,0.963432262796772
8.0,10253,True,eligible,829,9.94939743591103e-10,0.3875594099056096
8.0,10254,False,wrong_attractor_identity;attractors_not_distinct,826,9.901417240035429e-10,0.9069663289846004
8.0,10255,False,wrong_attractor_identity;attractors_not_distinct,776,9.983083064236877e-10,0.9995524848944769
6.0,10000,False,wrong_attractor_identity;attractors_not_distinct,1880,9.943726785890475e-10,0.3211778143293672
6.0,10001,False,wrong_attractor_identity;attractors_not_distinct,745,9.956134559518355e-10,0.9935722017860797
6.0,10002,False,wrong_attractor_identity;attractors_not_distinct,952,9.772918756284664e-10,0.7249458602890354
6.0,10003,False,wrong_attractor_identity;attractors_not_distinct,735,9.929024972815893e-10,0.8818744016680305
6.0,10004,False,wrong_attractor_identity;attractors_not_distinct,761,9.863901137274074e-10,0.9896611170200039
6.0,10005,False,wrong_attractor_identity;attractors_not_distinct,768,9.766257741056584e-10,0.9953452215039452
6.0,10006,False,wrong_attractor_identity;attractors_not_distinct,746,9.779009502041939e-10,0.9848032512418775
6.0,10007,False,wrong_attractor_identity;attractors_not_distinct,734,9.98910773768097e-10,0.9654878059809215
6.0,10008,False,wrong_attractor_identity,800,9.906075485107552e-10,0.929797127657027
6.0,10009,False,wrong_attractor_identity;attractors_not_distinct,2150,9.990570055022637e-10,0.9953452215039436
6.0,10010,False,wrong_attractor_identity;attractors_not_distinct,755,9.810133786970661e-10,0.9654878059806028
6.0,10011,False,wrong_attractor_identity;attractors_not_distinct,2196,9.832056046954517e-10,0.9953452215039436
6.0,10012,False,wrong_attractor_identity;attractors_not_distinct,1011,9.816983038857218e-10,0.7137953730479146
6.0,10013,False,wrong_attractor_identity;attractors_not_distinct,753,9.93245352860138e-10,0.9896611169988065
6.0,10014,False,wrong_attractor_identity;attractors_not_distinct,733,9.935096191457993e-10,0.8788323926791748
6.0,10015,False,equilibrium_not_converged;wrong_attractor_identity,4000,7.981749489931084e-07,0.09862390381703387
6.0,10016,False,wrong_attractor_identity;attractors_not_distinct,753,9.93245352860138e-10,0.9896611169988059
6.0,10017,False,wrong_attractor_identity;attractors_not_distinct,777,9.791377109473535e-10,0.8020412871362892
6.0,10018,False,wrong_attractor_identity,1362,9.869187562924034e-10,0.4514079543479659
6.0,10019,False,wrong_attractor_identity;attractors_not_distinct,768,9.766258295986975e-10,0.9953452215039463
6.0,10020,False,wrong_attractor_identity,800,9.906075485107552e-10,0.9297971276570276
6.0,10021,False,wrong_attractor_identity;attractors_not_distinct,775,9.877737969961163e-10,0.8036437217241594
6.0,10022,False,wrong_attractor_identity;attractors_not_distinct,749,9.94000429202227e-10,0.7980132936487927
6.0,10023,False,wrong_attractor_identity;attractors_not_distinct,739,9.774964738457386e-10,0.96644160100299
6.0,10024,False,wrong_attractor_identity;attractors_not_distinct,755,9.810133786970661e-10,0.9654878059806007
6.0,10025,False,wrong_attractor_identity;attractors_not_distinct,730,9.856812264684168e-10,0.9440357985483713
6.0,10026,False,wrong_attractor_identity;attractors_not_distinct,958,9.820803178647358e-10,0.9953452214918042
6.0,10027,False,wrong_attractor_identity;attractors_not_distinct,740,9.818382487654797e-10,0.944035798547572
6.0,10028,True,eligible,797,9.99586208919727e-10,0.4124022846034034
6.0,10029,False,wrong_attractor_identity,964,9.981264982507732e-10,0.9664416009305732
6.0,10030,False,wrong_attractor_identity;attractors_not_distinct,745,9.956134559518355e-10,0.9935722017860787
6.0,10031,False,wrong_attractor_identity;attractors_not_distinct,816,9.767983562927292e-10,0.9654878059081503
6.0,10032,True,eligible,674,9.900835207986362e-10,0.7523008481173332
6.0,10033,False,wrong_attractor_identity;attractors_not_distinct,714,9.784994424960296e-10,0.9845081547157628
6.0,10034,False,wrong_attractor_identity;attractors_not_distinct,753,9.93245352860138e-10,0.9896611169988055
6.0,10035,False,wrong_attractor_identity;attractors_not_distinct,740,9.790393559412235e-10,0.9654878059808093
6.0,10036,False,wrong_attractor_identity,964,9.981264982507732e-10,0.9664416009305733
6.0,10037,False,wrong_attractor_identity;attractors_not_distinct,745,9.956134559518355e-10,0.9935722017860787
6.0,10038,False,wrong_attractor_identity;attractors_not_distinct,924,9.982292179185053e-10,0.802041286583735
6.0,10039,False,wrong_attractor_identity;attractors_not_distinct,739,9.774964738457386e-10,0.9664416010029897
6.0,10040,False,wrong_attractor_identity;attractors_not_distinct,777,9.791377894492268e-10,0.80204128713629
6.0,10041,False,wrong_attractor_identity;attractors_not_distinct,768,9.766257741056584e-10,0.9953452215039458
6.0,10042,True,eligible,1368,9.977980141457006e-10,0.44906394755520834
6.0,10043,False,attractors_not_distinct,532,9.775607976668497e-10,0.9800673244755288
6.0,10044,False,wrong_attractor_identity;attractors_not_distinct,710,9.91624575404741e-10,0.9739814822748063
6.0,10045,False,wrong_attractor_identity;attractors_not_distinct,775,9.877738755006879e-10,0.8036437217241605
6.0,10046,False,wrong_attractor_identity;attractors_not_distinct,952,9.77291797374611e-10,0.7249458602890333
6.0,10047,False,wrong_attractor_identity;attractors_not_distinct,1880,9.943726993022043e-10,0.32117781432936743
6.0,10048,False,wrong_attractor_identity;attractors_not_distinct,777,9.791377894492268e-10,0.8020412871362894
6.0,10049,False,wrong_attractor_identity;attractors_not_distinct,753,9.93245352860138e-10,0.9896611169988048
6.0,10050,False,wrong_attractor_identity;attractors_not_distinct,777,9.791377109473535e-10,0.8020412871362903
6.0,10051,False,wrong_attractor_identity;attractors_not_distinct,715,9.90610990274906e-10,0.9739814822541042
6.0,10052,False,wrong_attractor_identity;attractors_not_distinct,739,9.739881447929711e-10,0.98966111702002
6.0,10053,False,nonstable_equilibrium,1059,9.93292144741566e-10,-0.02303238945370302
6.0,10054,False,wrong_attractor_identity;attractors_not_distinct,816,9.767983562927292e-10,0.9654878059081521
6.0,10055,False,wrong_attractor_identity;attractors_not_distinct,753,9.93245352860138e-10,0.9896611169988058
6.0,10056,False,wrong_attractor_identity;attractors_not_distinct,734,9.98910773768097e-10,0.9654878059809214
6.0,10057,False,wrong_attractor_identity;attractors_not_distinct,739,9.774964738457386e-10,0.9664416010029907
6.0,10058,False,wrong_attractor_identity;attractors_not_distinct,734,9.98910773768097e-10,0.9654878059809213
6.0,10059,False,wrong_attractor_identity;attractors_not_distinct,816,9.767983562927292e-10,0.9654878059081509
6.0,10060,False,wrong_attractor_identity;attractors_not_distinct,752,9.987578151478594e-10,0.8818744016503071
6.0,10061,False,wrong_attractor_identity,910,9.917584910844135e-10,0.752300847497757
6.0,10062,False,wrong_attractor_identity;attractors_not_distinct,747,9.797153166674517e-10,0.9440357985471337
6.0,10063,False,wrong_attractor_identity;attractors_not_distinct,735,9.929024972815893e-10,0.8818744016680312
6.0,10064,False,wrong_attractor_identity;attractors_not_distinct,777,9.791377894492268e-10,0.8020412871362906
6.0,10065,False,wrong_attractor_identity;attractors_not_distinct,755,9.810133786970661e-10,0.965487805980602
6.0,10066,False,wrong_attractor_identity,945,9.894920898091935e-10,0.41240228365656584
6.0,10067,False,wrong_attractor_identity;attractors_not_distinct,735,9.929024972815893e-10,0.8818744016680305
6.0,10068,False,wrong_attractor_identity;attractors_not_distinct,768,9.766257741056584e-10,0.995345221503947
6.0,10069,False,wrong_attractor_identity;attractors_not_distinct,958,9.820803178647358e-10,0.9953452214918015
6.0,10070,True,eligible,674,9.900835207986362e-10,0.7523008481173323
6.0,10071,False,wrong_attractor_identity;attractors_not_distinct,746,9.779009502041939e-10,0.9848032512418767
6.0,10072,False,wrong_attractor_identity;attractors_not_distinct,753,9.93245352860138e-10,0.9896611169988043
6.0,10073,False,wrong_attractor_identity;attractors_not_distinct,740,9.790393559412235e-10,0.9654878059808101
6.0,10074,False,wrong_attractor_identity;attractors_not_distinct,735,9.929024972815893e-10,0.8818744016680318
6.0,10075,False,wrong_attractor_identity;attractors_not_distinct,924,9.982292179185053e-10,0.8020412865837352
6.0,10076,False,wrong_attractor_identity;attractors_not_distinct,717,9.977407040927471e-10,0.9275809121869172
6.0,10077,False,wrong_attractor_identity;attractors_not_distinct,740,9.818382487654797e-10,0.9440357985475736
6.0,10078,False,wrong_attractor_identity;attractors_not_distinct,734,9.98910773768097e-10,0.9654878059809232
6.0,10079,False,wrong_attractor_identity;attractors_not_distinct,2046,9.78183446175642e-10,0.9953452215039437
6.0,10080,False,wrong_attractor_identity;attractors_not_distinct,924,9.982292179185053e-10,0.8020412865837354
6.0,10081,False,wrong_attractor_identity;attractors_not_distinct,739,9.739881447929711e-10,0.9896611170200199
6.0,10082,False,wrong_attractor_identity;attractors_not_distinct,739,9.774964738457386e-10,0.9664416010029907
6.0,10083,False,wrong_attractor_identity;attractors_not_distinct,816,9.767983562927292e-10,0.9654878059081519
6.0,10084,False,wrong_attractor_identity;attractors_not_distinct,734,9.98910773768097e-10,0.9654878059809222
6.0,10085,False,wrong_attractor_identity;attractors_not_distinct,730,9.856812264684168e-10,0.9440357985483722
6.0,10086,False,wrong_attractor_identity;attractors_not_distinct,1011,9.816983592779985e-10,0.7137953730479143
6.0,10087,False,wrong_attractor_identity,1362,9.869186280949053e-10,0.45140795434796493
6.0,10088,False,wrong_attractor_identity;attractors_not_distinct,761,9.863901137274074e-10,0.9896611170200043
6.0,10089,False,wrong_attractor_identity;attractors_not_distinct,753,9.93245352860138e-10,0.9896611169988041
6.0,10090,False,wrong_attractor_identity;attractors_not_distinct,942,9.8344870788656e-10,0.9509584136994355
6.0,10091,False,wrong_attractor_identity;attractors_not_distinct,774,9.88162105255182e-10,0.9440357984725867
6.0,10092,False,wrong_attractor_identity;attractors_not_distinct,2086,9.849502634971371e-10,0.9953452215039433
6.0,10093,False,equilibrium_not_converged;wrong_attractor_identity;attractors_not_distinct,4000,1.25575043875578e-06,0.09470239377905167
6.0,10094,True,eligible,642,9.915503809137455e-10,0.692282746000104
6.0,10095,False,wrong_attractor_identity;attractors_not_distinct,740,9.790393559412235e-10,0.9654878059808104
6.0,10096,False,wrong_attractor_identity;attractors_not_distinct,818,9.803282051051523e-10,0.8006530369380025
6.0,10097,False,nonstable_equilibrium,1059,9.932922624973767e-10,-0.023032389453703672
6.0,10098,False,wrong_attractor_identity;attractors_not_distinct,746,9.779009502041939e-10,0.9848032512418765
6.0,10099,False,wrong_attractor_identity;attractors_not_distinct,740,9.790393559412235e-10,0.9654878059808087
6.0,10100,False,wrong_attractor_identity;attractors_not_distinct,745,9.956134559518355e-10,0.9935722017860802
6.0,10101,False,wrong_attractor_identity;attractors_not_distinct,746,9.779009502041939e-10,0.9848032512418772
6.0,10102,True,eligible,674,9.900835207986362e-10,0.7523008481173334
6.0,10103,False,wrong_attractor_identity;attractors_not_distinct,768,9.766257741056584e-10,0.9953452215039454
6.0,10104,False,wrong_attractor_identity;attractors_not_distinct,1368,9.977980141457006e-10,0.4490639475552083
6.0,10105,False,wrong_attractor_identity,964,9.981264982507732e-10,0.9664416009305725
6.0,10106,False,wrong_attractor_identity;attractors_not_distinct,735,9.929024972815893e-10,0.8818744016680312
6.0,10107,False,nonstable_equilibrium,1059,9.932921839935417e-10,-0.0230323894537036
6.0,10108,False,wrong_attractor_identity;attractors_not_distinct,746,9.779009502041939e-10,0.9848032512418765
6.0,10109,False,wrong_attractor_identity;attractors_not_distinct,755,9.810133786970661e-10,0.9654878059806038
6.0,10110,False,wrong_attractor_identity;attractors_not_distinct,746,9.779009502041939e-10,0.984803251241876
6.0,10111,True,eligible,674,9.900835207986362e-10,0.752300848117333
6.0,10112,False,wrong_attractor_identity;attractors_not_distinct,774,9.88162105255182e-10,0.9440357984725876
6.0,10113,False,wrong_attractor_identity;attractors_not_distinct,768,9.766257741056584e-10,0.9953452215039466
6.0,10114,False,wrong_attractor_identity;attractors_not_distinct,816,9.767983562927292e-10,0.965487805908151
6.0,10115,False,wrong_attractor_identity;attractors_not_distinct,952,9.77291797374611e-10,0.7249458602890351
6.0,10116,False,wrong_attractor_identity;attractors_not_distinct,739,9.774964738457386e-10,0.9664416010029906
6.0,10117,False,wrong_attractor_identity;attractors_not_distinct,777,9.791378679511063e-10,0.8020412871362905
6.0,10118,False,wrong_attractor_identity;attractors_not_distinct,837,9.9717775963528e-10,0.7852789503567943
6.0,10119,False,equilibrium_not_converged;wrong_attractor_identity;attractors_not_distinct,4000,1.2557504383829403e-06,0.09470239377905232
6.0,10120,False,wrong_attractor_identity;attractors_not_distinct,761,9.863901137274074e-10,0.9896611170200044
6.0,10121,False,wrong_attractor_identity;attractors_not_distinct,942,9.8344870788656e-10,0.9509584136994338
6.0,10122,False,wrong_attractor_identity,1362,9.869184357986645e-10,0.4514079543479666
6.0,10123,False,wrong_attractor_identity;attractors_not_distinct,775,9.877738755006879e-10,0.8036437217241605
6.0,10124,False,wrong_attractor_identity;attractors_not_distinct,740,9.818382487654797e-10,0.944035798547572
6.0,10125,False,wrong_attractor_identity;attractors_not_distinct,747,9.797153166674517e-10,0.9440357985471345
6.0,10126,False,wrong_attractor_identity;attractors_not_distinct,794,9.833057560693748e-10,0.7852789505598636
6.0,10127,False,wrong_attractor_identity;attractors_not_distinct,777,9.791377894492394e-10,0.8020412871362902
6.0,10128,False,wrong_attractor_identity;attractors_not_distinct,2315,9.932887479162973e-10,0.9953452215039436
6.0,10129,False,wrong_attractor_identity;attractors_not_distinct,742,9.798289397369298e-10,0.881874401659759
6.0,10130,False,wrong_attractor_identity;attractors_not_distinct,739,9.774964738457386e-10,0.9664416010029905
6.0,10131,False,wrong_attractor_identity;attractors_not_distinct,749,9.94000429202227e-10,0.7980132936487931
6.0,10132,False,wrong_attractor_identity;attractors_not_distinct,777,9.791377894492268e-10,0.8020412871362886
6.0,10133,False,nonstable_equilibrium,1059,9.932921054896386e-10,-0.023032389453702944
6.0,10134,False,wrong_attractor_identity;attractors_not_distinct,837,9.9717775963528e-10,0.7852789503567952
6.0,10135,False,wrong_attractor_identity;attractors_not_distinct,973,9.811128199498212e-10,0.7732004013720588
6.0,10136,False,wrong_attractor_identity;attractors_not_distinct,755,9.810133786970661e-10,0.965487805980602
6.0,10137,False,wrong_attractor_identity;attractors_not_distinct,753,9.93245352860138e-10,0.9896611169988072
6.0,10138,False,wrong_attractor_identity;attractors_not_distinct,739,9.774964738457386e-10,0.9664416010029913
6.0,10139,False,wrong_attractor_identity;attractors_not_distinct,2083,9.920161941953635e-10,0.9953452215039419
6.0,10140,False,wrong_attractor_identity;attractors_not_distinct,740,9.790393559412235e-10,0.9654878059808099
6.0,10141,False,wrong_attractor_identity;attractors_not_distinct,755,9.810133786970661e-10,0.9654878059806029
6.0,10142,False,wrong_attractor_identity;attractors_not_distinct,776,9.938019440983956e-10,0.9387028657431896
6.0,10143,False,wrong_attractor_identity;attractors_not_distinct,746,9.779009502041939e-10,0.9848032512418766
6.0,10144,False,wrong_attractor_identity,964,9.981264982507732e-10,0.9664416009305735
6.0,10145,False,wrong_attractor_identity;attractors_not_distinct,714,9.957672105206595e-10,0.9739814822747158
6.0,10146,False,wrong_attractor_identity;attractors_not_distinct,753,9.93245352860138e-10,0.989661116998805
6.0,10147,False,wrong_attractor_identity;attractors_not_distinct,752,9.987578151478594e-10,0.8818744016503078
6.0,10148,False,wrong_attractor_identity;attractors_not_distinct,746,9.779009502041939e-10,0.984803251241877
6.0,10149,False,wrong_attractor_identity;attractors_not_distinct,747,9.797153166674517e-10,0.9440357985471342
6.0,10150,False,wrong_attractor_identity;attractors_not_distinct,1368,9.977980782440297e-10,0.44906394755520807
6.0,10151,False,wrong_attractor_identity;attractors_not_distinct,733,9.935096191457993e-10,0.8788323926791738
6.0,10152,False,wrong_attractor_identity;attractors_not_distinct,813,9.98705515867372e-10,0.9664416009309669
6.0,10153,False,wrong_attractor_identity;attractors_not_distinct,761,9.863901137274074e-10,0.9896611170200043
6.0,10154,False,wrong_attractor_identity;attractors_not_distinct,740,9.790393559412235e-10,0.9654878059808103
6.0,10155,True,eligible,1331,9.937924253084584e-10,0.4606564868534838
6.0,10156,False,wrong_attractor_identity,910,9.917585301882917e-10,0.7523008474977578
6.0,10157,False,wrong_attractor_identity;attractors_not_distinct,740,9.910117042680234e-10,0.9817734600324003
6.0,10158,False,wrong_attractor_identity,1362,9.869184998974156e-10,0.4514079543479649
6.0,10159,False,wrong_attractor_identity;attractors_not_distinct,1368,9.977980141457006e-10,0.4490639475552079
6.0,10160,False,wrong_attractor_identity;attractors_not_distinct,777,9.791377894492268e-10,0.8020412871362909
6.0,10161,False,wrong_attractor_identity;attractors_not_distinct,734,9.98910773768097e-10,0.9654878059809213
6.0,10162,False,wrong_attractor_identity;attractors_not_distinct,775,9.877739540052534e-10,0.8036437217241604
6.0,10163,False,wrong_attractor_identity;attractors_not_distinct,816,9.767983562927292e-10,0.9654878059081518
6.0,10164,False,wrong_attractor_identity;attractors_not_distinct,761,9.863901137274074e-10,0.9896611170200039
6.0,10165,False,wrong_attractor_identity;attractors_not_distinct,739,9.774964738457386e-10,0.9664416010029907
6.0,10166,False,wrong_attractor_identity,1362,9.869184357986645e-10,0.4514079543479665
6.0,10167,False,wrong_attractor_identity;attractors_not_distinct,958,9.820803178647358e-10,0.9953452214918037
6.0,10168,False,wrong_attractor_identity;attractors_not_distinct,775,9.877739540052534e-10,0.8036437217241603
6.0,10169,False,wrong_attractor_identity;attractors_not_distinct,739,9.774964738457386e-10,0.9664416010029905
6.0,10170,False,wrong_attractor_identity;attractors_not_distinct,748,9.982857117522427e-10,0.9730035940695289
6.0,10171,False,wrong_attractor_identity;attractors_not_distinct,775,9.877739540052534e-10,0.8036437217241607
6.0,10172,False,wrong_attractor_identity;attractors_not_distinct,776,9.938019440983956e-10,0.9387028657431885
6.0,10173,False,wrong_attractor_identity;attractors_not_distinct,768,9.766259405847657e-10,0.9953452215039449
6.0,10174,False,wrong_attractor_identity;attractors_not_distinct,774,9.881620267522647e-10,0.9440357984725871
6.0,10175,False,wrong_attractor_identity;attractors_not_distinct,2112,9.807004226246221e-10,0.995345221503944
6.0,10176,False,wrong_attractor_identity;attractors_not_distinct,745,9.956134559518355e-10,0.9935722017860783
6.0,10177,False,wrong_attractor_identity;attractors_not_distinct,746,9.779009502041939e-10,0.9848032512418767
6.0,10178,False,wrong_attractor_identity;attractors_not_distinct,1663,9.843776730996385e-10,0.9491484548385157
6.0,10179,True,eligible,674,9.900835207986362e-10,0.7523008481173323
6.0,10180,False,wrong_attractor_identity;attractors_not_distinct,794,9.833056778779372e-10,0.785278950559866
6.0,10181,False,wrong_attractor_identity;attractors_not_distinct,734,9.98910773768097e-10,0.9654878059809217
6.0,10182,False,wrong_attractor_identity;attractors_not_distinct,730,9.856812264684168e-10,0.9440357985483709
6.0,10183,False,wrong_attractor_identity;attractors_not_distinct,755,9.810133786970661e-10,0.9654878059806016
6.0,10184,False,wrong_attractor_identity;attractors_not_distinct,816,9.767983562927292e-10,0.9654878059081504
6.0,10185,False,wrong_attractor_identity;attractors_not_distinct,745,9.956134559518355e-10,0.9935722017860772
6.0,10186,False,wrong_attractor_identity;attractors_not_distinct,752,9.987578151478594e-10,0.8818744016503066
6.0,10187,False,wrong_attractor_identity;attractors_not_distinct,813,9.98705515867372e-10,0.9664416009309665
6.0,10188,False,wrong_attractor_identity;attractors_not_distinct,713,9.841874550030523e-10,0.9942378710945253
6.0,10189,False,wrong_attractor_identity;attractors_not_distinct,753,9.93245352860138e-10,0.9896611169988032
6.0,10190,False,equilibrium_not_converged;wrong_attractor_identity,4000,7.981749489992415e-07,0.09862390381703419
6.0,10191,False,wrong_attractor_identity,964,9.981264982507732e-10,0.9664416009305734
6.0,10192,False,wrong_attractor_identity,910,9.917584910844135e-10,0.7523008474977577
6.0,10193,False,wrong_attractor_identity;attractors_not_distinct,735,9.929024972815893e-10,0.8818744016680317
6.0,10194,False,wrong_attractor_identity;attractors_not_distinct,1091,9.966275041365614e-10,0.8025483612543901
6.0,10195,False,wrong_attractor_identity,910,9.917585301882917e-10,0.7523008474977572
6.0,10196,False,wrong_attractor_identity;attractors_not_distinct,746,9.779009502041939e-10,0.9848032512418775
6.0,10197,False,equilibrium_not_converged;wrong_attractor_identity;attractors_not_distinct,4000,1.2557504384908678e-06,0.09470239377905232
6.0,10198,False,wrong_attractor_identity;attractors_not_distinct,923,9.77774094594319e-10,0.8036437211828372
6.0,10199,False,wrong_attractor_identity;attractors_not_distinct;nonstable_equilibrium,1038,9.910249288124772e-10,-0.4999999999999997
6.0,10200,False,wrong_attractor_identity;attractors_not_distinct,777,9.791377894492268e-10,0.8020412871362904
6.0,10201,False,wrong_attractor_identity,945,9.894921351338353e-10,0.41240228365656656
6.0,10202,False,wrong_attractor_identity;attractors_not_distinct,794,9.833056778779372e-10,0.7852789505598649
6.0,10203,False,wrong_attractor_identity;attractors_not_distinct,952,9.772917191207497e-10,0.7249458602890351
6.0,10204,False,wrong_attractor_identity;attractors_not_distinct,768,9.766257741056584e-10,0.9953452215039454
6.0,10205,False,wrong_attractor_identity;attractors_not_distinct,794,9.833057560693748e-10,0.7852789505598662
6.0,10206,False,wrong_attractor_identity;attractors_not_distinct,739,9.774964738457386e-10,0.9664416010029908
6.0,10207,False,wrong_attractor_identity;attractors_not_distinct,958,9.820803178647358e-10,0.9953452214918029
6.0,10208,False,wrong_attractor_identity;attractors_not_distinct,746,9.779009502041939e-10,0.9848032512418766
6.0,10209,False,wrong_attractor_identity;attractors_not_distinct,730,9.856812264684168e-10,0.9440357985483699
6.0,10210,False,wrong_attractor_identity;attractors_not_distinct,813,9.98705515867372e-10,0.9664416009309681
6.0,10211,False,nonstable_equilibrium,1059,9.932919877338713e-10,-0.02303238945370274
6.0,10212,False,wrong_attractor_identity;attractors_not_distinct,714,9.957672105206595e-10,0.9739814822747164
6.0,10213,False,wrong_attractor_identity;attractors_not_distinct,755,9.810133786970661e-10,0.9654878059806022
6.0,10214,False,wrong_attractor_identity;attractors_not_distinct,768,9.766259405847657e-10,0.9953452215039462
6.0,10215,False,equilibrium_not_converged;wrong_attractor_identity;attractors_not_distinct,4000,1.2557504388637073e-06,0.09470239377905243
6.0,10216,False,wrong_attractor_identity;attractors_not_distinct,2111,9.732458137109343e-10,0.9953452215039442
6.0,10217,False,wrong_attractor_identity,910,9.917585301882917e-10,0.7523008474977577
6.0,10218,False,wrong_attractor_identity;attractors_not_distinct,740,9.790393559412235e-10,0.9654878059808097
6.0,10219,False,wrong_attractor_identity;attractors_not_distinct,746,9.779009502041939e-10,0.9848032512418761
6.0,10220,False,wrong_attractor_identity,800,9.906075485107552e-10,0.9297971276570269
6.0,10221,False,wrong_attractor_identity,1368,9.977981423423546e-10,0.4490639475552082
6.0,10222,False,wrong_attractor_identity;attractors_not_distinct,753,9.93245352860138e-10,0.9896611169988049
6.0,10223,False,wrong_attractor_identity;attractors_not_distinct,774,9.88162105255182e-10,0.944035798472587
6.0,10224,False,wrong_attractor_identity;attractors_not_distinct,739,9.739881447929711e-10,0.9896611170200198
6.0,10225,False,equilibrium_not_converged;wrong_attractor_identity;attractors_not_distinct,4000,5.020195370524835e-09,0.160363667153644
6.0,10226,False,wrong_attractor_identity;attractors_not_distinct,777,9.791377894492394e-10,0.8020412871362903
6.0,10227,False,wrong_attractor_identity;attractors_not_distinct,740,9.790393559412235e-10,0.965487805980811
6.0,10228,False,wrong_attractor_identity,964,9.981264982507732e-10,0.9664416009305735
6.0,10229,False,wrong_attractor_identity;attractors_not_distinct,753,9.93245352860138e-10,0.9896611169988061
6.0,10230,False,wrong_attractor_identity;attractors_not_distinct,739,9.739881447929711e-10,0.98966111702002
6.0,10231,False,wrong_attractor_identity;attractors_not_distinct,768,9.766258295986975e-10,0.9953452215039468
6.0,10232,False,wrong_attractor_identity;attractors_not_distinct,794,9.833056778779372e-10,0.785278950559865
6.0,10233,False,wrong_attractor_identity;attractors_not_distinct,753,9.93245352860138e-10,0.989661116998806
6.0,10234,False,wrong_attractor_identity;attractors_not_distinct,742,9.798289397369298e-10,0.8818744016597584
6.0,10235,False,wrong_attractor_identity,800,9.906075485107552e-10,0.9297971276570259
6.0,10236,False,wrong_attractor_identity;attractors_not_distinct,829,9.824353792620125e-10,0.9876025166010444
6.0,10237,False,wrong_attractor_identity;attractors_not_distinct,755,9.810133786970661e-10,0.9654878059806014
6.0,10238,False,nonstable_equilibrium,1059,9.932919092300146e-10,-0.023032389453702805
6.0,10239,False,wrong_attractor_identity,1368,9.977979500473674e-10,0.44906394755520856
6.0,10240,False,wrong_attractor_identity;attractors_not_distinct,794,9.833056778779372e-10,0.785278950559866
6.0,10241,False,wrong_attractor_identity;attractors_not_distinct,768,9.766258295986975e-10,0.995345221503948
6.0,10242,False,wrong_attractor_identity;attractors_not_distinct,740,9.818382487654797e-10,0.9440357985475731
6.0,10243,False,nonstable_equilibrium,1059,9.93292026985791e-10,-0.023032389453702763
6.0,10244,False,wrong_attractor_identity;attractors_not_distinct,768,9.766259405847657e-10,0.9953452215039469
6.0,10245,False,wrong_attractor_identity;attractors_not_distinct,739,9.739881447929711e-10,0.9896611170200197
6.0,10246,False,wrong_attractor_identity;attractors_not_distinct,755,9.810133786970661e-10,0.9654878059806016
6.0,10247,False,wrong_attractor_identity;attractors_not_distinct,738,9.905045050387676e-10,0.938702865830012
6.0,10248,False,wrong_attractor_identity;attractors_not_distinct,2086,9.853270066782098e-10,0.9953452215039433
6.0,10249,False,wrong_attractor_identity;attractors_not_distinct,887,9.809098255447315e-10,0.9118008053334148
6.0,10250,False,wrong_attractor_identity;attractors_not_distinct,733,9.916779712079348e-10,0.9491484549558697
6.0,10251,False,wrong_attractor_identity;attractors_not_distinct,745,9.956134559518355e-10,0.9935722017860779
6.0,10252,False,wrong_attractor_identity;attractors_not_distinct,752,9.987578151478594e-10,0.8818744016503064
6.0,10253,False,wrong_attractor_identity;attractors_not_distinct,2133,9.880706289631367e-10,0.9953452215039437
6.0,10254,False,wrong_attractor_identity;attractors_not_distinct,924,9.982292179185053e-10,0.8020412865837343
6.0,10255,False,wrong_attractor_identity;attractors_not_distinct,768,9.766257741056584e-10,0.9953452215039457
10.0,10000,False,wrong_attractor_identity;attractors_not_distinct,707,9.954484482125304e-10,0.9052291267995137
10.0,10001,False,wrong_attractor_identity;attractors_not_distinct,743,9.983116582065628e-10,0.9999412282470802
10.0,10002,False,wrong_attractor_identity;attractors_not_distinct,889,9.721112413838922e-10,0.9579689079066748
10.0,10003,False,wrong_attractor_identity;attractors_not_distinct,733,9.811363442303297e-10,0.988954873360256
10.0,10004,False,wrong_attractor_identity;attractors_not_distinct,781,9.925552539702153e-10,0.9997979378239582
10.0,10005,False,wrong_attractor_identity;attractors_not_distinct,800,9.741849652826595e-10,0.9999589388458998
10.0,10006,False,wrong_attractor_identity;attractors_not_distinct,743,9.995564465407002e-10,0.9996981593486854
10.0,10007,False,wrong_attractor_identity;attractors_not_distinct,733,9.811024901880665e-10,0.9985079752266146
10.0,10008,False,wrong_attractor_identity,763,9.779606613995923e-10,0.9967913451369007
10.0,10009,True,eligible,653,9.839397958073992e-10,0.7499416117170284
10.0,10010,False,wrong_attractor_identity;attractors_not_distinct,743,9.807715178330387e-10,0.9985079752266157
10.0,10011,True,eligible,653,9.839397958073992e-10,0.7499416117170286
10.0,10012,False,wrong_attractor_identity;attractors_not_distinct,792,9.846744520486243e-10,0.932623645267155
10.0,10013,False,wrong_attractor_identity;attractors_not_distinct,743,9.782661216093835e-10,0.9997979378232764
10.0,10014,False,wrong_attractor_identity;attractors_not_distinct,733,9.766987818114758e-10,0.9889039490586247
10.0,10015,False,wrong_attractor_identity;attractors_not_distinct,1019,9.8982648035547e-10,0.6056829045504042
10.0,10016,False,wrong_attractor_identity;attractors_not_distinct,743,9.782661216093835e-10,0.9997979378232763
10.0,10017,False,wrong_attractor_identity;attractors_not_distinct,727,9.819025844629426e-10,0.9584170005713595
10.0,10018,False,wrong_attractor_identity;attractors_not_distinct,737,9.835417902589065e-10,0.9130245998718021
10.0,10019,False,wrong_attractor_identity;attractors_not_distinct,800,9.741849652826595e-10,0.9999589388459015
10.0,10020,False,wrong_attractor_identity,763,9.779606613995923e-10,0.9967913451369003
10.0,10021,False,wrong_attractor_identity;attractors_not_distinct,726,9.869077694557384e-10,0.9584296039611085
10.0,10022,False,wrong_attractor_identity;attractors_not_distinct,714,9.96405839703271e-10,0.982531209241649
10.0,10023,False,wrong_attractor_identity;attractors_not_distinct,734,9.845784803029586e-10,0.9985168354845815
10.0,10024,False,wrong_attractor_identity;attractors_not_distinct,743,9.807715178330387e-10,0.9985079752266144
10.0,10025,False,wrong_attractor_identity;attractors_not_distinct,726,9.86898730386795e-10,0.994506516693725
10.0,10026,True,eligible,660,9.846736558588415e-10,0.8621994999229278
10.0,10027,False,wrong_attractor_identity;attractors_not_distinct,727,9.81479935024763e-10,0.9945065166937263
10.0,10028,True,eligible,602,9.945690089247956e-10,0.8752906827457576
10.0,10029,False,wrong_attractor_identity,1113,9.851807917868471e-10,0.9985168354795121
10.0,10030,False,wrong_attractor_identity;attractors_not_distinct,743,9.983116582065628e-10,0.9999412282470808
10.0,10031,False,wrong_attractor_identity;attractors_not_distinct,878,9.747801900196017e-10,0.9985079752215812
10.0,10032,True,eligible,520,9.96297463157301e-10,0.9761200121796393
10.0,10033,False,wrong_attractor_identity;attractors_not_distinct,714,9.89819028395275e-10,0.9994198044687385
10.0,10034,False,wrong_attractor_identity;attractors_not_distinct,743,9.782661216093835e-10,0.9997979378232769
10.0,10035,False,wrong_attractor_identity;attractors_not_distinct,738,9.929357730857032e-10,0.9985079752266139
10.0,10036,False,wrong_attractor_identity,1113,9.851807917868471e-10,0.9985168354795129
10.0,10037,False,wrong_attractor_identity;attractors_not_distinct,743,9.983116582065628e-10,0.9999412282470805
10.0,10038,False,wrong_attractor_identity;attractors_not_distinct,784,9.737592784014847e-10,0.9584170004815421
10.0,10039,False,wrong_attractor_identity;attractors_not_distinct,734,9.845784803029586e-10,0.9985168354845823
10.0,10040,False,wrong_attractor_identity;attractors_not_distinct,727,9.819025844629426e-10,0.9584170005713593
10.0,10041,False,wrong_attractor_identity;attractors_not_distinct,800,9.741849652826595e-10,0.999958938845901
10.0,10042,True,eligible,619,9.963241005486588e-10,0.9130165898108074
10.0,10043,False,attractors_not_distinct,375,9.75921413694218e-10,0.9995990111320783
10.0,10044,False,wrong_attractor_identity;attractors_not_distinct,713,9.781373494255515e-10,0.9992116813482965
10.0,10045,False,wrong_attractor_identity;attractors_not_distinct,726,9.869077694557384e-10,0.9584296039611079
10.0,10046,False,wrong_attractor_identity;attractors_not_distinct,889,9.721112413838922e-10,0.957968907906675
10.0,10047,False,wrong_attractor_identity;attractors_not_distinct,707,9.954482261909943e-10,0.9052291267995138
10.0,10048,False,wrong_attractor_identity;attractors_not_distinct,738,9.730850830646632e-10,0.9584170005709712
10.0,10049,False,wrong_attractor_identity;attractors_not_distinct,743,9.782661216093835e-10,0.9997979378232773
10.0,10050,False,wrong_attractor_identity;attractors_not_distinct,738,9.730850830646632e-10,0.9584170005709705
10.0,10051,False,wrong_attractor_identity;attractors_not_distinct,714,9.955820182540561e-10,0.9992116813477662
10.0,10052,False,wrong_attractor_identity;attractors_not_distinct,734,9.845543957726945e-10,0.9997979378239589
10.0,10053,True,eligible,627,9.767059856040743e-10,0.8144584680253382
10.0,10054,False,wrong_attractor_identity;attractors_not_distinct,878,9.747801900196017e-10,0.9985079752215827
10.0,10055,False,wrong_attractor_identity;attractors_not_distinct,743,9.782661216093835e-10,0.9997979378232769
10.0,10056,False,wrong_attractor_identity;attractors_not_distinct,733,9.811024901880665e-10,0.998507975226615
10.0,10057,False,wrong_attractor_identity;attractors_not_distinct,734,9.845784803029586e-10,0.9985168354845819
10.0,10058,False,wrong_attractor_identity;attractors_not_distinct,733,9.811024901880665e-10,0.9985079752266145
10.0,10059,False,wrong_attractor_identity;attractors_not_distinct,878,9.747801900196017e-10,0.9985079752215837
10.0,10060,False,wrong_attractor_identity;attractors_not_distinct,734,9.863730083844312e-10,0.9889548733602543
10.0,10061,False,wrong_attractor_identity,1021,9.754052399238294e-10,0.9761200120960903
10.0,10062,False,wrong_attractor_identity;attractors_not_distinct,745,9.999237681341748e-10,0.9945065166937209
10.0,10063,False,wrong_attractor_identity;attractors_not_distinct,733,9.811363442303297e-10,0.9889548733602554
10.0,10064,False,wrong_attractor_identity;attractors_not_distinct,727,9.819025844629426e-10,0.9584170005713597
10.0,10065,False,wrong_attractor_identity;attractors_not_distinct,743,9.807715178330387e-10,0.9985079752266145
10.0,10066,False,wrong_attractor_identity,803,9.762862174400438e-10,0.8752906824360545
10.0,10067,False,wrong_attractor_identity;attractors_not_distinct,733,9.811363442303297e-10,0.9889548733602556
10.0,10068,False,wrong_attractor_identity;attractors_not_distinct,800,9.741849652826595e-10,0.9999589388459003
10.0,10069,True,eligible,660,9.846738778962406e-10,0.8621994999229282
10.0,10070,True,eligible,520,9.96297620159284e-10,0.976120012179641
10.0,10071,False,wrong_attractor_identity;attractors_not_distinct,743,9.995564465407002e-10,0.9996981593486861
10.0,10072,False,wrong_attractor_identity;attractors_not_distinct,743,9.782661216093835e-10,0.9997979378232761
10.0,10073,False,wrong_attractor_identity;attractors_not_distinct,738,9.929357730857032e-10,0.9985079752266164
10.0,10074,False,wrong_attractor_identity;attractors_not_distinct,733,9.811363442303297e-10,0.9889548733602549
10.0,10075,False,wrong_attractor_identity;attractors_not_distinct,784,9.737592784014847e-10,0.9584170004815429
10.0,10076,False,wrong_attractor_identity;attractors_not_distinct,713,9.80979608849422e-10,0.9950489600371576
10.0,10077,False,wrong_attractor_identity;attractors_not_distinct,727,9.81479935024763e-10,0.9945065166937251
10.0,10078,False,wrong_attractor_identity;attractors_not_distinct,733,9.811024901880665e-10,0.9985079752266152
10.0,10079,True,eligible,653,9.839397958073992e-10,0.7499416117170291
10.0,10080,False,wrong_attractor_identity;attractors_not_distinct,784,9.737592784014847e-10,0.9584170004815423
10.0,10081,False,wrong_attractor_identity;attractors_not_distinct,734,9.845543957726945e-10,0.9997979378239567
10.0,10082,False,wrong_attractor_identity;attractors_not_distinct,734,9.845784803029586e-10,0.9985168354845815
10.0,10083,False,wrong_attractor_identity;attractors_not_distinct,878,9.747801900196017e-10,0.9985079752215817
10.0,10084,False,wrong_attractor_identity;attractors_not_distinct,733,9.811024901880665e-10,0.9985079752266137
10.0,10085,False,wrong_attractor_identity;attractors_not_distinct,726,9.86898730386795e-10,0.9945065166937251
10.0,10086,False,wrong_attractor_identity;attractors_not_distinct,792,9.846744875660293e-10,0.9326236452671549
10.0,10087,False,wrong_attractor_identity,751,9.965573158380515e-10,0.9130245998677308
10.0,10088,False,wrong_attractor_identity;attractors_not_distinct,781,9.925552539702153e-10,0.9997979378239584
10.0,10089,False,wrong_attractor_identity;attractors_not_distinct,743,9.782661216093835e-10,0.9997979378232768
10.0,10090,False,wrong_attractor_identity;attractors_not_distinct,876,9.942611689987689e-10,0.8628736268340422
10.0,10091,False,wrong_attractor_identity;attractors_not_distinct,733,9.848989032991593e-10,0.9945065166821937
10.0,10092,True,eligible,653,9.839397958073992e-10,0.7499416117170282
10.0,10093,False,wrong_attractor_identity;attractors_not_distinct,1019,9.945642719737527e-10,0.6055239032392047
10.0,10094,True,eligible,528,9.874740989720988e-10,0.9689392880443671
10.0,10095,False,wrong_attractor_identity;attractors_not_distinct,738,9.929357730857032e-10,0.9985079752266142
10.0,10096,False,wrong_attractor_identity;attractors_not_distinct,717,9.913113731417172e-10,0.9696424286101244
10.0,10097,True,eligible,627,9.767061426133103e-10,0.8144584680253386
10.0,10098,False,wrong_attractor_identity;attractors_not_distinct,743,9.995564465407002e-10,0.9996981593486851
10.0,10099,False,wrong_attractor_identity;attractors_not_distinct,738,9.929357730857032e-10,0.9985079752266142
10.0,10100,False,wrong_attractor_identity;attractors_not_distinct,743,9.983116582065628e-10,0.9999412282470801
10.0,10101,False,wrong_attractor_identity;attractors_not_distinct,743,9.995564465407002e-10,0.999698159348686
10.0,10102,True,eligible,520,9.962974239068014e-10,0.9761200121796411
10.0,10103,False,wrong_attractor_identity;attractors_not_distinct,800,9.741849652826595e-10,0.9999589388458997
10.0,10104,False,wrong_attractor_identity;attractors_not_distinct,733,9.775149709231889e-10,0.9130165895010494
10.0,10105,False,wrong_attractor_identity,1113,9.851807917868471e-10,0.9985168354795112
10.0,10106,False,wrong_attractor_identity;attractors_not_distinct,733,9.811363442303297e-10,0.988954873360255
10.0,10107,True,eligible,627,9.767060248563857e-10,0.8144584680253392
10.0,10108,False,wrong_attractor_identity;attractors_not_distinct,743,9.995564465407002e-10,0.9996981593486862
10.0,10109,False,wrong_attractor_identity;attractors_not_distinct,743,9.807715178330387e-10,0.9985079752266138
10.0,10110,False,wrong_attractor_identity;attractors_not_distinct,743,9.995564465407002e-10,0.9996981593486856
10.0,10111,True,eligible,520,9.96297463157301e-10,0.9761200121796393
10.0,10112,False,wrong_attractor_identity;attractors_not_distinct,733,9.848989032991593e-10,0.994506516682195
10.0,10113,False,wrong_attractor_identity;attractors_not_distinct,800,9.741849652826595e-10,0.9999589388459
10.0,10114,False,wrong_attractor_identity;attractors_not_distinct,878,9.747801900196017e-10,0.9985079752215831
10.0,10115,False,wrong_attractor_identity;attractors_not_distinct,889,9.721112413838922e-10,0.957968907906676
10.0,10116,False,wrong_attractor_identity;attractors_not_distinct,734,9.845784803029586e-10,0.9985168354845816
10.0,10117,False,wrong_attractor_identity;attractors_not_distinct,727,9.819025844629426e-10,0.9584170005713589
10.0,10118,False,wrong_attractor_identity;attractors_not_distinct,734,9.76213637877575e-10,0.9578767492024178
10.0,10119,False,wrong_attractor_identity;attractors_not_distinct,1019,9.945642719737527e-10,0.6055239032392051
10.0,10120,False,wrong_attractor_identity;attractors_not_distinct,781,9.925552539702153e-10,0.9997979378239592
10.0,10121,False,wrong_attractor_identity;attractors_not_distinct,876,9.942611689987689e-10,0.862873626834042
10.0,10122,False,wrong_attractor_identity;attractors_not_distinct,737,9.835417902589065e-10,0.9130245998718018
10.0,10123,False,wrong_attractor_identity;attractors_not_distinct,726,9.869077694557384e-10,0.9584296039611083
10.0,10124,False,wrong_attractor_identity;attractors_not_distinct,727,9.81479935024763e-10,0.9945065166937249
10.0,10125,False,wrong_attractor_identity;attractors_not_distinct,745,9.999237681341748e-10,0.9945065166937206
10.0,10126,False,wrong_attractor_identity;attractors_not_distinct,733,9.761047113369293e-10,0.9578767492024537
10.0,10127,False,wrong_attractor_identity;attractors_not_distinct,727,9.819025844629426e-10,0.9584170005713588
10.0,10128,True,eligible,653,9.839397958073992e-10,0.7499416117170288
10.0,10129,False,wrong_attractor_identity;attractors_not_distinct,738,9.936209762401896e-10,0.9889548733602497
10.0,10130,False,wrong_attractor_identity;attractors_not_distinct,734,9.845784803029586e-10,0.9985168354845817
10.0,10131,False,wrong_attractor_identity;attractors_not_distinct,714,9.96405839703271e-10,0.9825312092416489
10.0,10132,False,wrong_attractor_identity;attractors_not_distinct,726,9.83639611249813e-10,0.9584170005714024
10.0,10133,True,eligible,627,9.767059463517615e-10,0.8144584680253397
10.0,10134,False,wrong_attractor_identity;attractors_not_distinct,734,9.76213637877575e-10,0.9578767492024175
10.0,10135,False,wrong_attractor_identity;attractors_not_distinct,868,9.992482349991736e-10,0.9077514856089309
10.0,10136,False,wrong_attractor_identity;attractors_not_distinct,743,9.807715178330387e-10,0.9985079752266147
10.0,10137,False,wrong_attractor_identity;attractors_not_distinct,743,9.782661216093835e-10,0.9997979378232765
10.0,10138,False,wrong_attractor_identity;attractors_not_distinct,734,9.845784803029586e-10,0.998516835484582
10.0,10139,True,eligible,653,9.839397958073992e-10,0.7499416117170282
10.0,10140,False,wrong_attractor_identity;attractors_not_distinct,738,9.929357730857032e-10,0.9985079752266138
10.0,10141,False,wrong_attractor_identity;attractors_not_distinct,743,9.807715178330387e-10,0.998507975226614
10.0,10142,False,wrong_attractor_identity;attractors_not_distinct,733,9.851691628389341e-10,0.9944149255266694
10.0,10143,False,wrong_attractor_identity;attractors_not_distinct,743,9.995564465407002e-10,0.9996981593486861
10.0,10144,False,wrong_attractor_identity,1113,9.851807917868471e-10,0.9985168354795121
10.0,10145,False,wrong_attractor_identity;attractors_not_distinct,714,9.96297961155581e-10,0.9992116813482955
10.0,10146,False,wrong_attractor_identity;attractors_not_distinct,743,9.782661216093835e-10,0.9997979378232765
10.0,10147,False,wrong_attractor_identity;attractors_not_distinct,734,9.863730083844312e-10,0.9889548733602546
10.0,10148,False,wrong_attractor_identity;attractors_not_distinct,743,9.995564465407002e-10,0.9996981593486848
10.0,10149,False,wrong_attractor_identity;attractors_not_distinct,745,9.999237681341748e-10,0.9945065166937196
10.0,10150,False,wrong_attractor_identity;attractors_not_distinct,733,9.775149709231889e-10,0.9130165895010491
10.0,10151,False,wrong_attractor_identity;attractors_not_distinct,733,9.766987818114758e-10,0.9889039490586249
10.0,10152,False,wrong_attractor_identity;attractors_not_distinct,876,9.958962221659813e-10,0.9985168354794566
10.0,10153,False,wrong_attractor_identity;attractors_not_distinct,781,9.925552539702153e-10,0.999797937823959
10.0,10154,False,wrong_attractor_identity;attractors_not_distinct,738,9.929357730857032e-10,0.9985079752266145
10.0,10155,True,eligible,619,9.889342347145951e-10,0.9126228765984681
10.0,10156,False,wrong_attractor_identity,1021,9.754052399238294e-10,0.9761200120960907
10.0,10157,False,wrong_attractor_identity;attractors_not_distinct,734,9.8462446690144e-10,0.9992412285671238
10.0,10158,False,wrong_attractor_identity;attractors_not_distinct,737,9.835417902589065e-10,0.9130245998718035
10.0,10159,False,wrong_attractor_identity;attractors_not_distinct,733,9.775149709231889e-10,0.9130165895010494
10.0,10160,False,wrong_attractor_identity;attractors_not_distinct,738,9.730850830646632e-10,0.9584170005709712
10.0,10161,False,wrong_attractor_identity;attractors_not_distinct,733,9.811024901880665e-10,0.9985079752266154
10.0,10162,False,wrong_attractor_identity;attractors_not_distinct,726,9.869077694557384e-10,0.9584296039611097
10.0,10163,False,wrong_attractor_identity;attractors_not_distinct,878,9.747801900196017e-10,0.9985079752215825
10.0,10164,False,wrong_attractor_identity;attractors_not_distinct,781,9.925552539702153e-10,0.9997979378239589
10.0,10165,False,wrong_attractor_identity;attractors_not_distinct,734,9.845784803029586e-10,0.998516835484582
10.0,10166,False,wrong_attractor_identity;attractors_not_distinct,737,9.835417902589065e-10,0.9130245998718023
10.0,10167,True,eligible,660,9.846736558588415e-10,0.8621994999229277
10.0,10168,False,wrong_attractor_identity;attractors_not_distinct,726,9.869077694557384e-10,0.9584296039611082
10.0,10169,False,wrong_attractor_identity;attractors_not_distinct,734,9.845784803029586e-10,0.9985168354845825
10.0,10170,False,wrong_attractor_identity;attractors_not_distinct,744,9.935856095734134e-10,0.9987659023860035
10.0,10171,False,wrong_attractor_identity;attractors_not_distinct,726,9.869077694557384e-10,0.9584296039611093
10.0,10172,False,wrong_attractor_identity;attractors_not_distinct,733,9.851691628389341e-10,0.9944149255266699
10.0,10173,False,wrong_attractor_identity;attractors_not_distinct,800,9.741849652826595e-10,0.9999589388458998
10.0,10174,False,wrong_attractor_identity;attractors_not_distinct,733,9.848989032991593e-10,0.9945065166821946
10.0,10175,True,eligible,653,9.839397958073992e-10,0.7499416117170282
10.0,10176,False,wrong_attractor_identity;attractors_not_distinct,743,9.983116582065628e-10,0.999941228247081
10.0,10177,False,wrong_attractor_identity;attractors_not_distinct,743,9.995564465407002e-10,0.9996981593486861
10.0,10178,False,nonstable_equilibrium,1049,9.938599045711356e-10,-0.18293901816326885
10.0,10179,True,eligible,520,9.962974239068014e-10,0.9761200121796404
10.0,10180,False,wrong_attractor_identity;attractors_not_distinct,733,9.761047113369293e-10,0.9578767492024538
10.0,10181,False,wrong_attractor_identity;attractors_not_distinct,733,9.811024901880665e-10,0.9985079752266142
10.0,10182,False,wrong_attractor_identity;attractors_not_distinct,726,9.86898730386795e-10,0.9945065166937247
10.0,10183,False,wrong_attractor_identity;attractors_not_distinct,743,9.807715178330387e-10,0.9985079752266145
10.0,10184,False,wrong_attractor_identity;attractors_not_distinct,878,9.747801900196017e-10,0.9985079752215825
10.0,10185,False,wrong_attractor_identity;attractors_not_distinct,743,9.983116582065628e-10,0.99994122824708
10.0,10186,False,wrong_attractor_identity;attractors_not_distinct,734,9.863730083844312e-10,0.9889548733602541
10.0,10187,False,wrong_attractor_identity;attractors_not_distinct,876,9.958962221659813e-10,0.9985168354794579
10.0,10188,False,wrong_attractor_identity;attractors_not_distinct,714,9.8975372345409e-10,0.9998839112997296
10.0,10189,False,wrong_attractor_identity;attractors_not_distinct,743,9.782661216093835e-10,0.999797937823277
10.0,10190,False,wrong_attractor_identity;attractors_not_distinct,1019,9.8982640185085e-10,0.6056829045504027
10.0,10191,False,wrong_attractor_identity,1113,9.851807917868471e-10,0.9985168354795134
10.0,10192,False,wrong_attractor_identity,1021,9.754052399238294e-10,0.9761200120960906
10.0,10193,False,wrong_attractor_identity;attractors_not_distinct,733,9.811363442303297e-10,0.9889548733602553
10.0,10194,False,wrong_attractor_identity;attractors_not_distinct,784,9.734816893981464e-10,0.8628681627670508
10.0,10195,False,wrong_attractor_identity,1021,9.754052006717912e-10,0.9761200120960891
10.0,10196,False,wrong_attractor_identity;attractors_not_distinct,743,9.995564465407002e-10,0.9996981593486863
10.0,10197,True,eligible,1019,9.94564193469136e-10,0.6051909343652669
10.0,10198,False,wrong_attractor_identity;attractors_not_distinct,784,9.733734814758227e-10,0.9584296038713253
10.0,10199,False,wrong_attractor_identity;attractors_not_distinct,1617,9.826750524671853e-10,0.928636040654148
10.0,10200,False,wrong_attractor_identity;attractors_not_distinct,726,9.83639611249813e-10,0.9584170005714011
10.0,10201,False,wrong_attractor_identity,803,9.762862174400438e-10,0.8752906824360547
10.0,10202,False,wrong_attractor_identity;attractors_not_distinct,733,9.761047113369293e-10,0.9578767492024538
10.0,10203,False,wrong_attractor_identity;attractors_not_distinct,889,9.721112413838922e-10,0.957968907906675
10.0,10204,False,wrong_attractor_identity;attractors_not_distinct,800,9.741849652826595e-10,0.9999589388459015
10.0,10205,False,wrong_attractor_identity;attractors_not_distinct,726,9.831994358094266e-10,0.9578767492027325
10.0,10206,False,wrong_attractor_identity;attractors_not_distinct,734,9.845784803029586e-10,0.9985168354845818
10.0,10207,True,eligible,660,9.846738778962406e-10,0.8621994999229285
10.0,10208,False,wrong_attractor_identity;attractors_not_distinct,743,9.995564465407002e-10,0.999698159348686
10.0,10209,False,wrong_attractor_identity;attractors_not_distinct,726,9.86898730386795e-10,0.9945065166937255
10.0,10210,False,wrong_attractor_identity;attractors_not_distinct,876,9.958962221659813e-10,0.9985168354794581
10.0,10211,True,eligible,627,9.767060641086955e-10,0.8144584680253388
10.0,10212,False,wrong_attractor_identity;attractors_not_distinct,714,9.96297961155581e-10,0.999211681348296
10.0,10213,False,wrong_attractor_identity;attractors_not_distinct,743,9.807715178330387e-10,0.9985079752266149
10.0,10214,False,wrong_attractor_identity;attractors_not_distinct,800,9.741849652826595e-10,0.9999589388459014
10.0,10215,False,wrong_attractor_identity;attractors_not_distinct,1019,9.945642719737527e-10,0.6055239032392054
10.0,10216,True,eligible,653,9.839397958073992e-10,0.7499416117170291
10.0,10217,False,wrong_attractor_identity,1021,9.754052399238294e-10,0.9761200120960895
10.0,10218,False,wrong_attractor_identity;attractors_not_distinct,738,9.929357730857032e-10,0.9985079752266145
10.0,10219,False,wrong_attractor_identity;attractors_not_distinct,743,9.995564465407002e-10,0.9996981593486852
10.0,10220,False,wrong_attractor_identity,763,9.779606613995923e-10,0.9967913451368999
10.0,10221,False,wrong_attractor_identity,751,9.970589665784783e-10,0.913016589495494
10.0,10222,False,wrong_attractor_identity;attractors_not_distinct,743,9.782661216093835e-10,0.9997979378232771
10.0,10223,False,wrong_attractor_identity;attractors_not_distinct,733,9.848989032991593e-10,0.9945065166821944
10.0,10224,False,wrong_attractor_identity;attractors_not_distinct,734,9.845543957726945e-10,0.9997979378239578
10.0,10225,True,eligible,1029,9.90525500318115e-10,0.5035435234882931
10.0,10226,False,wrong_attractor_identity;attractors_not_distinct,726,9.83639611249813e-10,0.9584170005714018
10.0,10227,False,wrong_attractor_identity;attractors_not_distinct,738,9.929357730857032e-10,0.998507975226615
10.0,10228,False,wrong_attractor_identity,1113,9.851807917868471e-10,0.9985168354795124
10.0,10229,False,wrong_attractor_identity;attractors_not_distinct,743,9.782661216093835e-10,0.9997979378232754
10.0,10230,False,wrong_attractor_identity;attractors_not_distinct,734,9.845543957726945e-10,0.9997979378239588
10.0,10231,False,wrong_attractor_identity;attractors_not_distinct,800,9.741849652826595e-10,0.9999589388459004
10.0,10232,False,wrong_attractor_identity;attractors_not_distinct,726,9.831994358094266e-10,0.9578767492027324
10.0,10233,False,wrong_attractor_identity;attractors_not_distinct,743,9.782661216093835e-10,0.9997979378232774
10.0,10234,False,wrong_attractor_identity;attractors_not_distinct,738,9.936209762401896e-10,0.9889548733602491
10.0,10235,False,wrong_attractor_identity,763,9.779606613995923e-10,0.9967913451369013
10.0,10236,False,wrong_attractor_identity;attractors_not_distinct,845,9.75687356966645e-10,0.9993644072270718
10.0,10237,False,wrong_attractor_identity;attractors_not_distinct,743,9.807715178330387e-10,0.9985079752266152
10.0,10238,True,eligible,627,9.767061033610036e-10,0.8144584680253395
10.0,10239,False,wrong_attractor_identity,751,9.970591025524827e-10,0.913016589495495
10.0,10240,False,wrong_attractor_identity;attractors_not_distinct,726,9.831994358094266e-10,0.9578767492027329
10.0,10241,False,wrong_attractor_identity;attractors_not_distinct,800,9.741849652826595e-10,0.9999589388459
10.0,10242,False,wrong_attractor_identity;attractors_not_distinct,727,9.81479935024763e-10,0.9945065166937246
10.0,10243,True,eligible,627,9.767058678471308e-10,0.8144584680253403
10.0,10244,False,wrong_attractor_identity;attractors_not_distinct,800,9.741849652826595e-10,0.9999589388459005
10.0,10245,False,wrong_attractor_identity;attractors_not_distinct,734,9.845543957726945e-10,0.9997979378239583
10.0,10246,False,wrong_attractor_identity;attractors_not_distinct,743,9.807715178330387e-10,0.9985079752266143
10.0,10247,False,wrong_attractor_identity;attractors_not_distinct,738,9.730736534307442e-10,0.994414925538354
10.0,10248,True,eligible,653,9.839397958073992e-10,0.7499416117170284
10.0,10249,False,wrong_attractor_identity;attractors_not_distinct,967,9.82214692679293e-10,0.9865156509322368
10.0,10250,False,wrong_attractor_identity;attractors_not_distinct,733,9.766979394417363e-10,0.9977742237435618
10.0,10251,False,wrong_attractor_identity;attractors_not_distinct,743,9.983116582065628e-10,0.999941228247081
10.0,10252,False,wrong_attractor_identity;attractors_not_distinct,734,9.863730083844312e-10,0.9889548733602536
10.0,10253,True,eligible,653,9.839397958073992e-10,0.749941611717029
10.0,10254,False,wrong_attractor_identity;attractors_not_distinct,784,9.737592784014847e-10,0.9584170004815434
10.0,10255,False,wrong_attractor_identity;attractors_not_distinct,800,9.741849652826595e-10,0.9999589388458997
